順位,ポケモン名,技1,技2,技3,技4,技5,技6,技7,技8,技9,技10,持ち物1,持ち物2,持ち物3,持ち物4,持ち物5,持ち物6,持ち物7,持ち物8,持ち物9,持ち物10,特性1,特性2,特性3,性格1,性格2,性格3,性格4,性格5,性格6,性格7,性格8,性格9,性格10,努力値1,努力値2,努力値3,努力値4,努力値5,努力値6,努力値7,努力値8,努力値9,努力値10,更新日
1,ガブリアス,じしん (67.7%),ステルスロック (39.4%),りゅうせいぐん (29.1%),げきりん (26.3%),ドラゴンテール (25.8%),かえんほうしゃ (25.3%),だいちのちから (23.2%),パワージェム (20.1%),がんせきふうじ (18.8%),スケイルショット (18.7%),ガブリアスナイトZ (34.8%),こだわりスカーフ (21.1%),きあいのタスキ (17.3%),オボンのみ (10.8%),ゴツゴツメット (9.8%),ラムのみ (2.2%),カゴのみ (1.2%),いのちのたま (1.1%),ガブリアスナイト (0.3%),ハバンのみ (0.3%),さめはだ (99.4%),すなかくれ (0.6%),,ようき (24.7%),いじっぱり (22.2%),おくびょう (21.1%),わんぱく (16.8%),ひかえめ (9.8%),むじゃき (2%),しんちょう (1.5%),うっかりや (0.4%),ずぶとい (0.4%),せっかち (0.3%),H2 A32 B0 C0 D0 S32 (29.4%),H2 A0 B0 C32 D0 S32 (21.1%),H0 A32 B2 C0 D0 S32 (5.3%),H32 A0 B32 C0 D2 S0 (3.4%),H32 A0 B32 C0 D0 S2 (2.7%),H0 A32 B1 C0 D1 S32 (2.3%),H0 A0 B2 C32 D0 S32 (2%),H0 A0 B1 C32 D1 S32 (1.6%),H0 A32 B0 C0 D2 S32 (1.3%),H32 A0 B25 C0 D9 S0 (1.3%),2026/09/11
2,ボーマンダ,すてみタックル (75.7%),りゅうのまい (75.5%),じしん (68.4%),はねやすめ (66.5%),りゅうせいぐん (22.6%),ハイパーボイス (16.5%),かえんほうしゃ (15.7%),だいもんじ (15%),げきりん (9.6%),やけっぱち (7.8%),ボーマンダナイト (98.1%),こだわりスカーフ (0.7%),いのちのたま (0.5%),ゴツゴツメット (0.3%),ラムのみ (0.1%),きあいのタスキ (0%),たべのこし (0%),たつじんのおび (0%),オボンのみ (0%),カイリュナイト (0%),いかく (99.4%),じしんかじょう (0.6%),,いじっぱり (53.4%),ようき (16.9%),ひかえめ (10.6%),おくびょう (6.5%),むじゃき (6.4%),やんちゃ (2%),しんちょう (1.7%),わんぱく (0.7%),せっかち (0.5%),うっかりや (0.3%),H1 A32 B1 C0 D0 S32 (12.7%),H2 A32 B0 C0 D0 S32 (11.9%),H1 A0 B1 C32 D0 S32 (6.7%),H27 A25 B5 C0 D0 S9 (5.2%),H2 A0 B0 C32 D0 S32 (3.8%),H1 A32 B0 C0 D1 S32 (2.9%),H27 A5 B1 C0 D18 S15 (2%),H1 A0 B0 C32 D1 S32 (1.5%),H0 A32 B2 C0 D0 S32 (1.4%),H19 A32 B0 C0 D0 S15 (1.2%),2026/09/11
3,アシレーヌ,ムーンフォース (98.1%),うたかたのアリア (92.5%),アクアジェット (69.6%),アンコール (43.2%),めいそう (35.2%),クイックターン (19.8%),ねむる (12.9%),なみのり (5.5%),れいとうビーム (4.1%),ミストフィールド (4.1%),オボンのみ (42.5%),たべのこし (19.1%),カゴのみ (12.7%),しんぴのしずく (9.5%),きあいのタスキ (5%),ラムのみ (4.4%),グラスシード (1.5%),ようせいのハネ (1.3%),いのちのたま (1.1%),ゴツゴツメット (1%),げきりゅう (97%),うるおいボイス (3%),,ひかえめ (69.3%),れいせい (12.7%),ずぶとい (11.4%),おだやか (2.7%),のんき (1.9%),おっとり (0.7%),おくびょう (0.6%),なまいき (0.5%),うっかりや (0.1%),わんぱく (0.1%),H32 A0 B20 C14 D0 S0 (6.6%),H32 A0 B0 C32 D0 S2 (5.9%),H32 A0 B2 C32 D0 S0 (3.9%),H2 A0 B0 C32 D0 S32 (3.1%),H32 A0 B32 C2 D0 S0 (2.6%),H32 A0 B10 C24 D0 S0 (2.5%),H32 A0 B4 C14 D12 S4 (2.3%),H32 A0 B0 C32 D2 S0 (2.1%),H32 A0 B32 C0 D2 S0 (2%),H32 A0 B24 C8 D2 S0 (1.9%),2026/09/11
4,グソクムシャ,であいがしら (82%),アイアンヘッド (77.9%),ふいうち (51%),とんぼがえり (50.7%),ドリルライナー (31.8%),きゅうけつ (25.3%),インファイト (21%),アクアジェット (19.3%),つるぎのまい (14.8%),アクアブレイク (9.6%),グソクムシャナイト (98.8%),いのちのたま (0.5%),ゴツゴツメット (0.2%),オボンのみ (0.1%),ぎんのこな (0%),だっしゅつボタン (0%),ラムのみ (0%),たべのこし (0%),しんぴのしずく (0%),レッドカード (0%),ききかいひ (100%),,,いじっぱり (81.8%),ゆうかん (15%),しんちょう (1.3%),わんぱく (1.1%),のんき (0.3%),ようき (0.2%),なまいき (0.2%),やんちゃ (0.1%),さみしがり (0%),のうてんき (0%),H32 A32 B0 C0 D2 S0 (24.4%),H32 A32 B2 C0 D0 S0 (15.2%),H31 A32 B0 C0 D3 S0 (12.1%),H32 A32 B0 C0 D0 S2 (7%),H31 A32 B3 C0 D0 S0 (5%),H31 A32 B0 C0 D0 S3 (4.3%),H32 A32 B1 C0 D1 S0 (2.9%),H31 A32 B1 C0 D2 S0 (1.4%),H32 A32 B0 C0 D1 S1 (1.4%),H31 A32 B2 C0 D1 S0 (1.4%),2026/09/11
5,カバルドン,じしん (98.3%),あくび (96.3%),ステルスロック (93.8%),ふきとばし (64.1%),なまける (36.5%),まもる (3.6%),ほえる (2.6%),こおりのキバ (2.2%),がんせきふうじ (1.1%),じわれ (0.3%),オボンのみ (69.8%),ゴツゴツメット (15.1%),たべのこし (13.9%),さらさらいわ (0.3%),ラムのみ (0.1%),レッドカード (0.1%),イトケのみ (0.1%),メンタルハーブ (0.1%),たつじんのおび (0.1%),きあいのタスキ (0%),すなおこし (99.9%),すなのちから (0.1%),,わんぱく (59.6%),しんちょう (32%),のんき (5%),なまいき (1.6%),ずぶとい (1%),いじっぱり (0.4%),おだやか (0.3%),ゆうかん (0.1%),がんばりや (0%),ようき (0%),H32 A0 B2 C0 D32 S0 (26%),H32 A0 B32 C0 D2 S0 (16.4%),H32 A0 B22 C0 D12 S0 (6.8%),H32 A0 B6 C0 D28 S0 (5.9%),H32 A0 B15 C0 D19 S0 (3.9%),H32 A0 B12 C0 D22 S0 (3.9%),H32 A0 B18 C0 D16 S0 (2.9%),H32 A0 B5 C0 D28 S1 (2.6%),H32 A0 B32 C0 D0 S2 (1.6%),H32 A0 B20 C0 D14 S0 (1.6%),2026/09/11
6,セグレイブ,じしん (89.6%),こおりのつぶて (83.4%),きょけんとつげき (74.6%),つららおとし (44.1%),りゅうのまい (38.8%),つるぎのまい (27.3%),つららばり (25.7%),かみなりのキバ (4.1%),スケイルショット (3.9%),アイアンヘッド (3.4%),セグレイブナイト (52.6%),きあいのタスキ (20.8%),いのちのたま (12.2%),こだわりスカーフ (6.2%),ラムのみ (2.6%),とけないこおり (1.5%),オボンのみ (1.4%),たつじんのおび (0.7%),ハバンのみ (0.6%),たべのこし (0.2%),ねつこうかん (98.4%),アイスボディ (1.6%),,いじっぱり (69.6%),ようき (28.2%),わんぱく (0.6%),しんちょう (0.4%),ゆうかん (0.4%),やんちゃ (0.2%),さみしがり (0.2%),せっかち (0.1%),おくびょう (0.1%),れいせい (0%),H1 A32 B1 C0 D0 S32 (21.7%),H2 A32 B0 C0 D0 S32 (17.9%),H1 A32 B0 C0 D1 S32 (6%),H32 A32 B0 C0 D0 S2 (5.6%),H32 A32 B2 C0 D0 S0 (3.1%),H29 A32 B1 C0 D0 S4 (3%),H31 A32 B0 C0 D0 S3 (2.6%),H0 A32 B2 C0 D0 S32 (2.4%),H32 A32 B0 C0 D2 S0 (2.3%),H27 A32 B0 C0 D0 S7 (1.9%),2026/09/11
7,ルカリオ,わるだくみ (81.2%),はどうだん (77.1%),ラスターカノン (75.8%),あくのはどう (68.7%),しんくうは (38.2%),てっていこうせん (19.9%),シャドーボール (5.5%),きあいだま (5.1%),インファイト (4.7%),つるぎのまい (3.9%),ルカリオナイトZ (93.4%),ルカリオナイト (6.2%),きあいのタスキ (0.2%),こだわりスカーフ (0.1%),ラムのみ (0%),たつじんのおび (0%),ふうせん (0%),いのちのたま (0%),オボンのみ (0%),ガブリアスナイトZ (0%),せいしんりょく (80.1%),ふくつのこころ (13.9%),せいぎのこころ (6%),おくびょう (74.3%),ひかえめ (19.2%),ようき (3.1%),いじっぱり (1.8%),むじゃき (0.7%),ずぶとい (0.4%),せっかち (0.2%),うっかりや (0.1%),おだやか (0.1%),やんちゃ (0%),H2 A0 B0 C32 D0 S32 (56%),H0 A0 B2 C32 D0 S32 (5.6%),H2 A32 B0 C0 D0 S32 (3.7%),H0 A0 B1 C32 D1 S32 (2%),H30 A0 B12 C16 D0 S8 (1.4%),H0 A0 B0 C32 D2 S32 (1.3%),H16 A0 B0 C18 D0 S32 (1.3%),H0 A0 B0 C32 D0 S32 (1.3%),H14 A0 B0 C20 D0 S32 (1.3%),H2 A0 B32 C0 D0 S32 (0.8%),2026/09/11
8,ブリジュラス,ラスターカノン (72.7%),りゅうせいぐん (68.6%),10まんボルト (58.4%),ステルスロック (52.3%),ドラゴンテール (23.4%),ほえる (21.5%),はどうだん (21.2%),エレクトロビーム (18%),あくのはどう (12.9%),りゅうのはどう (10%),オボンのみ (28%),たべのこし (21.6%),こだわりスカーフ (13.9%),しろいハーブ (13.4%),ゴツゴツメット (8.6%),ふうせん (3.9%),ピントレンズ (2.9%),カゴのみ (2.2%),レッドカード (1.2%),シュカのみ (0.9%),じきゅうりょく (76%),がんじょう (24%),すじがねいり (0%),ひかえめ (34.3%),ずぶとい (25%),おだやか (16.3%),おくびょう (15.3%),わんぱく (3.5%),しんちょう (2.7%),のんき (1.1%),なまいき (0.8%),うっかりや (0.2%),れいせい (0.2%),H2 A0 B0 C32 D0 S32 (19.3%),H32 A0 B2 C0 D32 S0 (8.3%),H32 A0 B32 C0 D2 S0 (4.1%),H0 A0 B0 C32 D2 S32 (3.9%),H32 A0 B0 C32 D0 S2 (2.9%),H32 A0 B5 C0 D25 S4 (2.9%),H32 A0 B0 C0 D32 S2 (2.8%),H0 A0 B2 C32 D0 S32 (2.6%),H32 A0 B0 C2 D32 S0 (1.8%),H32 A0 B32 C0 D0 S2 (1.8%),2026/09/11
9,サーフゴー,シャドーボール (99.3%),ゴールドラッシュ (94%),わるだくみ (84.4%),じこさいせい (67.7%),10まんボルト (24.9%),トリック (9.9%),みがわり (4.1%),パワージェム (3.3%),きあいだま (3.1%),ラスターカノン (2.5%),ふうせん (58.4%),たべのこし (14.2%),こだわりスカーフ (11.1%),いのちのたま (4.9%),ゴツゴツメット (3.4%),シュカのみ (2.7%),オボンのみ (1.5%),グラスシード (0.7%),きあいのタスキ (0.5%),カシブのみ (0.5%),おうごんのからだ (100%),,,ひかえめ (61.6%),ずぶとい (17.5%),おくびょう (15.1%),おだやか (5.4%),おっとり (0.2%),れいせい (0.1%),わんぱく (0%),しんちょう (0%),ようき (0%),いじっぱり (0%),H2 A0 B0 C32 D0 S32 (10%),H1 A0 B1 C32 D0 S32 (5.9%),H27 A0 B0 C22 D0 S17 (4%),H32 A0 B0 C32 D0 S2 (2.8%),H31 A0 B8 C17 D0 S10 (2.6%),H1 A0 B0 C32 D1 S32 (2.4%),H25 A0 B0 C30 D0 S11 (1.9%),H31 A0 B0 C17 D9 S9 (1.8%),H31 A0 B13 C0 D22 S0 (1.6%),H31 A0 B32 C0 D0 S3 (1.5%),2026/09/11
10,ギルガルド,かげうち (96.8%),キングシールド (80.6%),ポルターガイスト (51.9%),シャドーボール (45.9%),せいなるつるぎ (38.1%),つるぎのまい (27.2%),ラスターカノン (21.1%),アイアンヘッド (14.2%),インファイト (14%),てっていこうせん (5.9%),たべのこし (55.2%),のろいのおふだ (18.4%),いのちのたま (10.9%),きあいのタスキ (7.4%),ふうせん (4.8%),オボンのみ (0.9%),ゴツゴツメット (0.9%),ラムのみ (0.7%),シュカのみ (0.1%),せんせいのツメ (0.1%),バトルスイッチ (100%),,,いじっぱり (41.8%),れいせい (34%),ゆうかん (11.8%),ひかえめ (5.7%),なまいき (3.3%),のんき (1%),しんちょう (0.7%),わんぱく (0.6%),おだやか (0.3%),ずぶとい (0.2%),H32 A32 B1 C0 D1 S0 (11.8%),H32 A0 B1 C32 D1 S0 (10.1%),H32 A2 B0 C32 D0 S0 (7.6%),H2 A32 B0 C0 D0 S32 (6.3%),H32 A32 B2 C0 D0 S0 (5.4%),H32 A0 B0 C32 D2 S0 (5.3%),H32 A32 B0 C0 D0 S2 (4.1%),H32 A0 B2 C32 D0 S0 (3.6%),H32 A32 B0 C0 D2 S0 (3.2%),H32 A1 B1 C32 D0 S0 (2%),2026/09/11
11,ミミッキュ,じゃれつく (97.3%),かげうち (95.7%),つるぎのまい (81%),シャドークロー (62.8%),のろい (18.9%),ウッドハンマー (13.7%),ドレインパンチ (7.3%),トリックルーム (5.9%),まもる (4%),おにび (3.3%),いのちのたま (80.6%),のろいのおふだ (4.2%),ピントレンズ (4.1%),ラムのみ (2.3%),ゴツゴツメット (2.1%),レッドカード (1%),こだわりスカーフ (0.8%),オボンのみ (0.8%),ようせいのハネ (0.7%),たべのこし (0.6%),ばけのかわ (100%),,,いじっぱり (80.6%),ようき (15.1%),ゆうかん (1.7%),わんぱく (1%),のんき (0.4%),おくびょう (0.3%),しんちょう (0.3%),さみしがり (0.2%),やんちゃ (0.1%),せっかち (0.1%),H1 A32 B1 C0 D0 S32 (33.7%),H2 A32 B0 C0 D0 S32 (18.5%),H0 A32 B2 C0 D0 S32 (3.8%),H29 A32 B5 C0 D0 S0 (3.1%),H32 A32 B2 C0 D0 S0 (3.1%),H1 A32 B0 C0 D1 S32 (2.4%),H28 A30 B5 C0 D0 S3 (1.8%),H28 A32 B3 C0 D0 S3 (1.5%),H29 A32 B4 C0 D0 S1 (1.5%),H0 A32 B0 C0 D2 S32 (1.4%),2026/09/11
12,ゴリランダー,グラススライダー (95.4%),はたきおとす (68.3%),とんぼがえり (64%),10まんばりき (53.4%),ドラムアタック (37.2%),ウッドハンマー (23.4%),ちょうはつ (11.4%),やどりぎのタネ (10.3%),つるぎのまい (8%),ドレインパンチ (4.1%),いのちのたま (25.4%),きせきのタネ (20.2%),グラスシード (15.1%),たべのこし (11.2%),オボンのみ (8.8%),グランドコート (6.7%),きあいのタスキ (4.8%),ラムのみ (2.5%),ゴツゴツメット (1.7%),たつじんのおび (1.1%),グラスメイカー (99.7%),しんりょく (0.3%),,いじっぱり (88.6%),しんちょう (4%),わんぱく (3.4%),ようき (2.2%),ゆうかん (1%),やんちゃ (0.2%),のんき (0.2%),なまいき (0.1%),さみしがり (0.1%),まじめ (0.1%),H32 A32 B0 C0 D0 S2 (32.7%),H32 A32 B2 C0 D0 S0 (9.8%),H32 A32 B0 C0 D2 S0 (8.7%),H2 A32 B0 C0 D0 S32 (5.3%),H32 A18 B0 C0 D16 S0 (3%),H32 A2 B0 C0 D32 S0 (1.8%),H32 A32 B1 C0 D1 S0 (1.5%),H0 A32 B2 C0 D0 S32 (1.3%),H32 A0 B2 C0 D32 S0 (1%),H0 A32 B0 C0 D2 S32 (0.8%),2026/09/11
13,マスカーニャ,トリックフラワー (96.9%),トリプルアクセル (89%),はたきおとす (66.4%),とんぼがえり (62.7%),ふいうち (25.2%),かみなりパンチ (12.5%),どくびし (10.9%),じゃれつく (5.8%),じごくづき (5.5%),けたぐり (4.5%),こだわりスカーフ (61%),きあいのタスキ (25.8%),いのちのたま (8.5%),たつじんのおび (3%),こうかくレンズ (0.3%),ラムのみ (0.3%),オボンのみ (0.1%),ちからのハチマキ (0.1%),くろおび (0.1%),とけないこおり (0.1%),へんげんじざい (84.5%),しんりょく (15.5%),,ようき (59.1%),いじっぱり (36.2%),むじゃき (2%),うっかりや (0.7%),やんちゃ (0.5%),せっかち (0.4%),おくびょう (0.3%),ひかえめ (0.3%),さみしがり (0.1%),おっとり (0.1%),H2 A32 B0 C0 D0 S32 (63.5%),H0 A32 B2 C0 D0 S32 (14%),H0 A32 B1 C0 D1 S32 (3.6%),H0 A32 B0 C0 D2 S32 (2.5%),H0 A32 B0 C0 D0 S32 (1.3%),H4 A30 B20 C0 D0 S12 (1.2%),H0 A2 B0 C32 D0 S32 (0.9%),H1 A32 B1 C0 D0 S32 (0.8%),H0 A32 B0 C2 D0 S32 (0.8%),H1 A32 B0 C0 D0 S32 (0.8%),2026/09/11
14,アーマーガア,はねやすめ (99.3%),とんぼがえり (68.5%),ボディプレス (61%),てっぺき (57.9%),ブレイブバード (32.5%),ビルドアップ (26.5%),アイアンヘッド (22.5%),のろい (8.2%),ちょうはつ (7.3%),きりばらい (5.1%),ゴツゴツメット (64.7%),たべのこし (24.6%),オボンのみ (9.4%),ラムのみ (0.2%),オッカのみ (0.2%),ひかりのこな (0.1%),するどいくちばし (0.1%),ひかりのねんど (0.1%),せんせいのツメ (0.1%),サイコシード (0.1%),プレッシャー (66.1%),ミラーアーマー (33.2%),きんちょうかん (0.7%),わんぱく (67.4%),のんき (23.2%),しんちょう (5.4%),なまいき (1.5%),ずぶとい (1.4%),いじっぱり (0.6%),おだやか (0.1%),ようき (0.1%),ゆうかん (0.1%),せっかち (0%),H32 A0 B32 C0 D2 S0 (43.9%),H32 A0 B32 C0 D0 S2 (5.8%),H32 A2 B32 C0 D0 S0 (3.3%),H32 A0 B25 C0 D9 S0 (3.3%),H32 A1 B26 C0 D7 S0 (3.2%),H32 A2 B17 C0 D15 S0 (3%),H32 A0 B2 C0 D32 S0 (2.6%),H32 A0 B25 C0 D7 S2 (2.1%),H32 A1 B30 C0 D2 S1 (2%),H32 A0 B32 C0 D1 S1 (1.7%),2026/09/11
15,ギャラドス,パワーウィップ (69.4%),たきのぼり (61%),ゆきなだれ (52.9%),じしん (47.2%),ちょうはつ (45.8%),やけっぱち (38.3%),りゅうのまい (33.6%),こおりのキバ (29.1%),でんじは (5.8%),ドラゴンテール (4.4%),ゴツゴツメット (42.3%),たべのこし (23.3%),ギャラドスナイト (22.7%),オボンのみ (4.7%),たつじんのおび (2.6%),ラムのみ (2.4%),いのちのたま (0.7%),カゴのみ (0.4%),ちからのハチマキ (0.1%),レッドカード (0.1%),いかく (99.6%),じしんかじょう (0.4%),,いじっぱり (48.1%),わんぱく (31.5%),ようき (16.9%),しんちょう (1.7%),ずぶとい (0.9%),ひかえめ (0.3%),ゆうかん (0.2%),のんき (0.2%),やんちゃ (0.1%),さみしがり (0.1%),H1 A32 B1 C0 D0 S32 (8.8%),H32 A2 B32 C0 D0 S0 (6.4%),H2 A32 B0 C0 D0 S32 (5.9%),H32 A0 B32 C0 D2 S0 (4.9%),H31 A10 B20 C0 D0 S5 (4.7%),H25 A5 B31 C0 D0 S5 (2.7%),H32 A0 B32 C0 D0 S2 (2.4%),H31 A0 B32 C0 D3 S0 (2.3%),H31 A3 B32 C0 D0 S0 (2.3%),H32 A32 B2 C0 D0 S0 (2%),2026/09/11
16,キラフロル,パワージェム (82.9%),ステルスロック (62.8%),だいちのちから (57.3%),ヘドロウェーブ (55.8%),キラースピン (28.4%),エナジーボール (26.7%),マッドショット (22.7%),ヘドロばくだん (12.3%),マジカルシャイン (10.9%),ニードルガード (9.5%),きあいのタスキ (55.8%),ふうせん (15.9%),キラフロルナイト (11%),レッドカード (10.6%),こだわりスカーフ (2.8%),たべのこし (2.4%),オボンのみ (0.3%),ゴツゴツメット (0.2%),たつじんのおび (0.2%),いのちのたま (0.1%),どくげしょう (94.3%),ふしょく (5.7%),,おくびょう (48.6%),ひかえめ (36.2%),ずぶとい (9.1%),おだやか (5.1%),ようき (0.3%),せっかち (0.2%),わんぱく (0.1%),しんちょう (0.1%),むじゃき (0.1%),れいせい (0%),H1 A0 B1 C32 D0 S32 (35.4%),H2 A0 B0 C32 D0 S32 (17.3%),H1 A0 B0 C32 D1 S32 (9.5%),H0 A0 B0 C32 D2 S32 (3.2%),H0 A0 B2 C32 D0 S32 (2.8%),H32 A0 B32 C0 D0 S2 (1.4%),H0 A0 B0 C32 D0 S32 (1.3%),H32 A0 B32 C0 D2 S0 (1.1%),H32 A0 B2 C0 D0 S32 (0.9%),H31 A0 B3 C0 D0 S32 (0.9%),2026/09/11
17,イダイトウ♂,おはかまいり (99.7%),ウェーブタックル (97.8%),アクアジェット (92.8%),クイックターン (75.4%),こうそくいどう (13%),こおりのキバ (3.9%),みがわり (3.2%),がむしゃら (2.9%),もろはのずつき (2.5%),サイコファング (2.4%),こだわりスカーフ (61.9%),いのちのたま (13.8%),しんぴのしずく (12.7%),きあいのタスキ (6.9%),のろいのおふだ (2.9%),オボンのみ (0.7%),カシブのみ (0.2%),ナモのみ (0.2%),ラムのみ (0.1%),リンドのみ (0.1%),てきおうりょく (96.7%),すいすい (2.4%),かたやぶり (0.8%),ようき (51.4%),いじっぱり (47%),ゆうかん (0.6%),やんちゃ (0.2%),むじゃき (0.2%),せっかち (0.1%),さみしがり (0.1%),わんぱく (0.1%),なまいき (0.1%),しんちょう (0%),H2 A32 B0 C0 D0 S32 (43.1%),H0 A32 B2 C0 D0 S32 (16.7%),H0 A32 B1 C0 D1 S32 (5.5%),H0 A32 B0 C0 D2 S32 (2.4%),H0 A32 B13 C0 D0 S21 (1.9%),H4 A32 B5 C0 D0 S25 (1.8%),H2 A32 B32 C0 D0 S0 (1.8%),H0 A32 B0 C0 D0 S32 (1.8%),H1 A32 B1 C0 D0 S32 (1.5%),H6 A32 B13 C0 D4 S11 (1.3%),2026/09/11
18,リザードン,ソーラービーム (65.9%),かえんほうしゃ (47.3%),エアスラッシュ (41.7%),フレアドライブ (29.9%),ニトロチャージ (28.4%),はねやすめ (22.5%),オーバーヒート (20.8%),ウェザーボール (18.7%),りゅうのはどう (18.4%),りゅうのまい (17.4%),リザードナイトY (67.7%),リザードナイトX (31.2%),こだわりスカーフ (0.2%),もくたん (0.1%),きあいのタスキ (0.1%),たべのこし (0%),オボンのみ (0%),ヨロギのみ (0%),たつじんのおび (0%),ゴツゴツメット (0%),もうか (90.6%),サンパワー (9.4%),,ひかえめ (45.4%),おくびょう (21.2%),いじっぱり (20.3%),ようき (10.6%),ずぶとい (1.5%),わんぱく (0.4%),しんちょう (0.1%),やんちゃ (0.1%),おっとり (0.1%),むじゃき (0.1%),H2 A0 B0 C32 D0 S32 (26.2%),H2 A32 B0 C0 D0 S32 (15.9%),H4 A30 B0 C0 D0 S32 (4%),H0 A0 B2 C32 D0 S32 (3%),H32 A0 B20 C11 D0 S3 (1.7%),H22 A0 B0 C12 D0 S32 (1.5%),H0 A32 B2 C0 D0 S32 (1.4%),H6 A0 B16 C26 D0 S18 (1.3%),H10 A0 B14 C21 D0 S21 (1.1%),H12 A32 B0 C0 D0 S22 (1.1%),2026/09/11
19,ゲッコウガ,れいとうビーム (93.6%),あくのはどう (85.5%),ヘドロウェーブ (72.8%),みずしゅりけん (47.8%),なみのり (38%),くさむすび (16.7%),ハイドロポンプ (7.4%),どくびし (6.8%),マッドショット (5.4%),とんぼがえり (5.1%),きあいのタスキ (41.9%),ゲッコウガナイト (35.9%),こだわりスカーフ (13.5%),いのちのたま (6.5%),たつじんのおび (1.1%),ラムのみ (0.3%),しんぴのしずく (0.2%),ものしりメガネ (0.1%),おうじゃのしるし (0.1%),オボンのみ (0.1%),へんげんじざい (77.9%),げきりゅう (22.1%),,おくびょう (51.5%),ひかえめ (41.5%),むじゃき (2.9%),うっかりや (2.1%),せっかち (0.7%),おっとり (0.5%),やんちゃ (0.3%),ようき (0.2%),いじっぱり (0.1%),さみしがり (0.1%),H2 A0 B0 C32 D0 S32 (64.2%),H0 A0 B2 C32 D0 S32 (7.3%),H8 A0 B0 C32 D0 S26 (3.9%),H0 A0 B0 C32 D2 S32 (2.6%),H0 A2 B0 C32 D0 S32 (2.3%),H0 A0 B1 C32 D1 S32 (1.9%),H6 A0 B0 C32 D0 S28 (1.8%),H0 A0 B0 C32 D0 S32 (1.3%),H2 A0 B5 C32 D0 S27 (1.1%),H1 A0 B1 C32 D0 S32 (1%),2026/09/11
20,キュウコンＡ,オーロラベール (97.2%),フリーズドライ (80.9%),アンコール (74.8%),ふぶき (60.9%),ムーンフォース (47.8%),ミストフィールド (20.2%),いたみわけ (4.4%),こおりのつぶて (2%),わるだくみ (1.8%),あくのはどう (1.4%),ひかりのねんど (91.8%),きあいのタスキ (2%),とけないこおり (1.7%),こだわりスカーフ (1.6%),だっしゅつボタン (0.5%),ゴツゴツメット (0.4%),いのちのたま (0.4%),つめたいいわ (0.4%),オボンのみ (0.3%),ラムのみ (0.3%),ゆきふらし (99.8%),ゆきがくれ (0.2%),,おくびょう (85.4%),ひかえめ (6.3%),ずぶとい (6.2%),おだやか (1.2%),せっかち (0.3%),おっとり (0.2%),むじゃき (0.1%),なまいき (0.1%),のんき (0.1%),ようき (0.1%),H2 A0 B0 C32 D0 S32 (18.7%),H27 A0 B7 C0 D0 S32 (6.4%),H1 A0 B1 C32 D0 S32 (4.6%),H9 A0 B0 C25 D0 S32 (3.6%),H31 A0 B9 C0 D0 S26 (3.5%),H31 A0 B3 C0 D0 S32 (3.5%),H32 A0 B2 C0 D0 S32 (3.4%),H0 A0 B2 C32 D0 S32 (3.1%),H32 A0 B0 C2 D0 S32 (2.7%),H0 A0 B0 C32 D2 S32 (1.6%),2026/09/11
21,エースバーン,かえんボール (98.7%),とびひざげり (88.4%),ダストシュート (76.3%),とんぼがえり (50.5%),ふいうち (47.7%),アイアンヘッド (9.1%),コートチェンジ (5.1%),カウンター (3.2%),しねんのずつき (3.1%),おにび (2.2%),きあいのタスキ (32.4%),こだわりスカーフ (30.5%),いのちのたま (25.9%),こうかくレンズ (6.2%),たつじんのおび (2.2%),ふうせん (0.9%),オボンのみ (0.3%),ちからのハチマキ (0.2%),サイコシード (0.2%),もくたん (0.2%),リベロ (98.4%),もうか (1.6%),,いじっぱり (52.1%),ようき (46%),やんちゃ (0.5%),さみしがり (0.3%),せっかち (0.2%),むじゃき (0.2%),おくびょう (0.2%),ゆうかん (0.1%),しんちょう (0.1%),ひかえめ (0.1%),H2 A32 B0 C0 D0 S32 (71.2%),H0 A32 B2 C0 D0 S32 (8.3%),H0 A32 B0 C0 D2 S32 (4.3%),H0 A32 B1 C0 D1 S32 (3.3%),H0 A32 B0 C0 D0 S32 (2.7%),H1 A32 B1 C0 D0 S32 (1.1%),H3 A32 B0 C0 D0 S31 (0.6%),H0 A32 B0 C0 D1 S32 (0.6%),H0 A32 B1 C0 D0 S32 (0.5%),H1 A32 B0 C0 D0 S32 (0.5%),2026/09/11
22,ロトム水,ハイドロポンプ (98.4%),ボルトチェンジ (90.5%),おにび (85.4%),10まんボルト (45.8%),いたみわけ (40.4%),トリック (13.3%),ひかりのかべ (4.7%),ほうでん (4.5%),イカサマ (3.7%),わるだくみ (3%),オボンのみ (37.9%),たべのこし (33.6%),こだわりスカーフ (14.2%),ゴツゴツメット (5.9%),こうかくレンズ (2.5%),ラムのみ (1.3%),カゴのみ (1.2%),ひかりのねんど (0.7%),いのちのたま (0.6%),じしゃく (0.5%),ふゆう (100%),,,ずぶとい (52.8%),ひかえめ (20.7%),おだやか (13.2%),おくびょう (9.5%),なまいき (1.5%),のんき (1.4%),れいせい (0.4%),おっとり (0.1%),わんぱく (0.1%),しんちょう (0.1%),H32 A0 B32 C0 D2 S0 (14.9%),H2 A0 B0 C32 D0 S32 (8.7%),H32 A0 B32 C2 D0 S0 (5.8%),H32 A0 B14 C0 D20 S0 (5.2%),H32 A0 B13 C0 D21 S0 (4.5%),H32 A0 B32 C0 D0 S2 (3.3%),H32 A0 B10 C0 D24 S0 (3.2%),H32 A0 B32 C1 D1 S0 (2.6%),H32 A0 B2 C0 D32 S0 (2.4%),H32 A0 B23 C0 D11 S0 (2.3%),2026/09/11
23,ウルガモス,ちょうのまい (96.4%),ギガドレイン (79.4%),ほのおのまい (76.5%),あさのひざし (56.3%),むしのさざめき (32.9%),おにび (15.4%),サイコキネシス (11.5%),かえんほうしゃ (11.5%),マジカルフレイム (11.2%),みがわり (2.8%),オボンのみ (47.3%),ラムのみ (17.9%),たべのこし (15.5%),きあいのタスキ (6.3%),ゴツゴツメット (4.4%),こだわりスカーフ (2.7%),いのちのたま (1.4%),グラスシード (1.2%),イトケのみ (0.5%),ふうせん (0.3%),ほのおのからだ (93.3%),むしのしらせ (6.7%),,ずぶとい (40%),ひかえめ (38.3%),おくびょう (17.5%),おだやか (3.9%),おっとり (0.1%),おとなしい (0.1%),のんき (0%),せっかち (0%),むじゃき (0%),うっかりや (0%),H32 A0 B32 C0 D0 S2 (13.3%),H1 A0 B1 C32 D0 S32 (10.3%),H2 A0 B0 C32 D0 S32 (5.3%),H32 A0 B32 C2 D0 S0 (4.7%),H32 A0 B32 C0 D2 S0 (4.1%),H0 A0 B2 C32 D0 S32 (3.5%),H31 A0 B28 C0 D0 S7 (3.1%),H31 A0 B32 C0 D0 S3 (2.9%),H1 A0 B0 C32 D1 S32 (1.9%),H32 A0 B28 C0 D0 S6 (1.5%),2026/09/11
24,ラウドボーン,フレアソング (99.2%),なまける (94.8%),おにび (84%),シャドーボール (54.6%),たたりめ (37%),あくび (14.9%),まもる (5.1%),みわくのボイス (2%),もえつきる (2%),だいちのちから (1.9%),たべのこし (42.5%),オボンのみ (35%),ゴツゴツメット (7.5%),ふうせん (3.4%),シュカのみ (2.8%),カシブのみ (2.4%),ラムのみ (0.9%),もくたん (0.5%),ひかりのこな (0.4%),ナモのみ (0.3%),てんねん (98.6%),もうか (1.4%),,ずぶとい (80.6%),おだやか (11.8%),ひかえめ (5.8%),のんき (0.5%),わんぱく (0.3%),れいせい (0.2%),なまいき (0.2%),しんちょう (0.2%),おっとり (0.1%),おくびょう (0.1%),H32 A0 B32 C0 D2 S0 (34%),H32 A0 B32 C2 D0 S0 (12.1%),H32 A0 B32 C0 D0 S2 (6.2%),H32 A0 B2 C0 D32 S0 (4.4%),H32 A0 B32 C0 D1 S1 (1.8%),H32 A0 B30 C0 D4 S0 (1.7%),H32 A0 B20 C0 D14 S0 (1.6%),H32 A0 B9 C0 D25 S0 (1.5%),H32 A0 B20 C1 D7 S6 (1.5%),H32 A0 B32 C0 D0 S0 (1%),2026/09/11
25,オオニューラ,インファイト (99.1%),フェイタルクロー (94.5%),じごくづき (52.3%),つるぎのまい (49.8%),ねこだまし (40.8%),アクロバット (19.5%),ほのおのパンチ (11.7%),シャドークロー (7.8%),とんぼがえり (4.6%),いわなだれ (4.1%),サイコシード (36.2%),ノーマルジュエル (32.8%),グラスシード (10.2%),きあいのタスキ (6.2%),しろいハーブ (4.4%),エレキシード (2.9%),オボンのみ (2.2%),ふうせん (1.8%),こだわりスカーフ (1.4%),いのちのたま (0.7%),かるわざ (93.9%),どくしゅ (6.1%),プレッシャー (0.1%),いじっぱり (88.3%),ようき (9.2%),わんぱく (1.1%),やんちゃ (0.7%),さみしがり (0.3%),せっかち (0.2%),むじゃき (0.1%),しんちょう (0.1%),おとなしい (0%),のうてんき (0%),H2 A32 B0 C0 D0 S32 (30.7%),H0 A32 B2 C0 D0 S32 (5.3%),H29 A32 B0 C0 D0 S5 (4.4%),H32 A32 B2 C0 D0 S0 (2.6%),H28 A32 B1 C0 D0 S5 (2.5%),H32 A32 B0 C0 D0 S2 (2.3%),H0 A32 B0 C0 D2 S32 (2%),H28 A32 B0 C0 D0 S6 (1.9%),H4 A32 B0 C0 D0 S30 (1.9%),H0 A32 B29 C0 D0 S5 (1.2%),2026/09/11
26,サザンドラ,あくのはどう (99%),りゅうせいぐん (96.1%),とんぼがえり (84%),かえんほうしゃ (74.5%),だいもんじ (18.2%),ラスターカノン (5.1%),だいちのちから (3.7%),わるだくみ (3.7%),ちょうはつ (3.3%),ステルスロック (2.7%),こだわりスカーフ (88.9%),きあいのタスキ (3.5%),いのちのたま (2.6%),たべのこし (1.3%),ラムのみ (1%),ハバンのみ (0.5%),くろいメガネ (0.5%),オボンのみ (0.4%),たつじんのおび (0.3%),しろいハーブ (0.2%),ふゆう (100%),,,ひかえめ (75.4%),おくびょう (23.3%),せっかち (0.3%),おっとり (0.3%),うっかりや (0.2%),ずぶとい (0.2%),いじっぱり (0.1%),おだやか (0.1%),むじゃき (0%),のんき (0%),H2 A0 B0 C32 D0 S32 (77.3%),H0 A0 B2 C32 D0 S32 (5.3%),H0 A0 B1 C32 D1 S32 (3.6%),H0 A0 B0 C32 D2 S32 (3.5%),H1 A0 B1 C32 D0 S32 (1%),H0 A0 B0 C32 D0 S32 (1%),H1 A0 B0 C32 D0 S32 (0.5%),H8 A0 B0 C32 D0 S26 (0.4%),H0 A0 B8 C26 D0 S32 (0.4%),H32 A0 B0 C2 D0 S32 (0.3%),2026/09/11
27,ニンフィア,ハイパーボイス (99%),あくび (84.1%),ねがいごと (74.4%),まもる (68.6%),マジカルフレイム (24.7%),でんこうせっか (18.8%),めいそう (6%),みきり (5.7%),はかいこうせん (5.7%),シャドーボール (5.2%),たべのこし (74.7%),ようせいのハネ (11.1%),オボンのみ (4.5%),いのちのたま (3.7%),ゴツゴツメット (1.6%),リリバのみ (1.3%),たつじんのおび (0.8%),ラムのみ (0.5%),カゴのみ (0.5%),ものしりメガネ (0.2%),フェアリースキン (99.3%),メロメロボディ (0.7%),,ずぶとい (66.6%),ひかえめ (22.6%),おだやか (5.7%),のんき (2.2%),れいせい (2%),なまいき (0.2%),おくびょう (0.2%),おっとり (0.2%),がんばりや (0.1%),すなお (0.1%),H32 A0 B32 C0 D2 S0 (20.9%),H32 A0 B32 C0 D0 S2 (9.8%),H32 A0 B32 C0 D1 S1 (8.2%),H32 A0 B32 C2 D0 S0 (5.5%),H31 A0 B32 C2 D0 S1 (5.4%),H31 A0 B32 C0 D3 S0 (3.8%),H32 A0 B31 C0 D0 S3 (2.5%),H32 A0 B2 C32 D0 S0 (2.2%),H32 A0 B0 C32 D0 S2 (2.1%),H31 A0 B32 C0 D0 S3 (1.9%),2026/09/11
28,パーモット,でんこうそうげき (91.6%),さいきのいのり (88%),インファイト (71%),れいとうパンチ (56.7%),マッハパンチ (48.5%),ほっぺすりすり (14.4%),アンコール (6.7%),ほのおのパンチ (6%),ねこだまし (4.8%),かみなりパンチ (2.9%),きあいのタスキ (88.4%),いのちのたま (3.4%),こだわりスカーフ (2.4%),ふうせん (2.1%),ヒメリのみ (1.1%),シュカのみ (0.6%),オボンのみ (0.4%),たつじんのおび (0.3%),せんせいのツメ (0.2%),たべのこし (0.2%),てつのこぶし (89.4%),ちくでん (8.7%),しぜんかいふく (1.9%),ようき (81%),いじっぱり (16.1%),わんぱく (0.6%),さみしがり (0.5%),むじゃき (0.5%),やんちゃ (0.4%),おくびょう (0.4%),せっかち (0.3%),しんちょう (0.1%),ゆうかん (0%),H2 A32 B0 C0 D0 S32 (70.2%),H0 A32 B2 C0 D0 S32 (8.8%),H0 A32 B0 C0 D2 S32 (4.7%),H0 A32 B0 C0 D0 S32 (3.1%),H0 A32 B1 C0 D1 S32 (2.1%),H1 A32 B1 C0 D0 S32 (1.5%),H1 A32 B0 C0 D0 S32 (1.2%),H4 A32 B0 C0 D0 S30 (1%),H32 A0 B2 C0 D0 S32 (0.7%),H0 A32 B1 C0 D0 S32 (0.6%),2026/09/11
29,カイリュー,かえんほうしゃ (70.3%),りゅうせいぐん (54%),はねやすめ (44.1%),エアスラッシュ (41.6%),しんそく (41.5%),10まんボルト (40.4%),りゅうのはどう (20.8%),じしん (15.9%),れいとうビーム (13.8%),りゅうのまい (13.4%),カイリュナイト (75.8%),ゴツゴツメット (4.7%),ラムのみ (4.7%),いのちのたま (4.4%),たつじんのおび (4%),たべのこし (2.2%),しろいハーブ (0.5%),りゅうのキバ (0.4%),シルクのスカーフ (0.4%),ノーマルジュエル (0.4%),マルチスケイル (99.3%),せいしんりょく (0.7%),,ひかえめ (51.2%),おくびょう (24%),いじっぱり (9.6%),ようき (6.5%),れいせい (2.1%),わんぱく (1.6%),ずぶとい (1.3%),ゆうかん (0.7%),うっかりや (0.6%),おっとり (0.4%),H1 A0 B1 C32 D0 S32 (20.7%),H2 A0 B0 C32 D0 S32 (18.3%),H2 A32 B0 C0 D0 S32 (4.5%),H1 A0 B0 C32 D1 S32 (4.4%),H1 A32 B1 C0 D0 S32 (3.3%),H32 A0 B2 C32 D0 S0 (1.8%),H1 A32 B0 C0 D1 S32 (1.4%),H32 A0 B0 C32 D0 S2 (1.3%),H9 A0 B1 C24 D0 S32 (1.3%),H9 A0 B0 C25 D0 S32 (1.2%),2026/09/11
30,マフォクシー,かえんほうしゃ (62.9%),わるだくみ (52.8%),サイコキネシス (49.3%),サイコショック (39.6%),みがわり (37.9%),マジカルシャイン (36.9%),アンコール (24.5%),オーバーヒート (17.1%),まもる (16%),マジカルフレイム (14.6%),マフォクシナイト (98.4%),きあいのタスキ (0.4%),こだわりスカーフ (0.3%),せんせいのツメ (0.1%),いのちのたま (0.1%),もくたん (0%),しろいハーブ (0%),ふうせん (0%),オボンのみ (0%),たべのこし (0%),もうか (90.7%),マジシャン (9.3%),,おくびょう (80.9%),ひかえめ (17.1%),ずぶとい (0.9%),おだやか (0.7%),せっかち (0.2%),ようき (0.1%),れいせい (0%),おとなしい (0%),なまいき (0%),のうてんき (0%),H2 A0 B0 C32 D0 S32 (17.7%),H1 A0 B1 C32 D0 S32 (14.3%),H1 A0 B3 C32 D0 S30 (4.5%),H15 A0 B7 C14 D0 S30 (3.7%),H5 A0 B0 C32 D0 S29 (3.6%),H13 A0 B0 C23 D1 S29 (3.4%),H1 A0 B0 C32 D1 S32 (3.3%),H0 A0 B2 C32 D0 S32 (3.2%),H1 A0 B4 C32 D0 S29 (2.9%),H31 A0 B18 C4 D0 S13 (1.9%),2026/09/11
31,メタグロス,バレットパンチ (90.1%),サイコファング (79.6%),れいとうパンチ (64.2%),じしん (48.2%),かみなりパンチ (27.2%),アイアンヘッド (18.9%),ボディプレス (16.8%),てっぺき (15.5%),アームハンマー (14.1%),コメットパンチ (9.2%),メタグロスナイト (95.9%),いのちのたま (0.9%),シュカのみ (0.7%),ふうせん (0.6%),オボンのみ (0.2%),ひかりのねんど (0.2%),ノーマルジュエル (0.2%),ゴツゴツメット (0.2%),こだわりスカーフ (0.2%),カゴのみ (0.1%),クリアボディ (99.4%),ライトメタル (0.6%),,いじっぱり (58.2%),ようき (27.4%),わんぱく (13.1%),しんちょう (0.6%),やんちゃ (0.2%),のんき (0.1%),さみしがり (0.1%),せっかち (0.1%),れいせい (0.1%),むじゃき (0.1%),H2 A32 B0 C0 D0 S32 (21.8%),H32 A32 B0 C0 D0 S2 (8.8%),H8 A32 B0 C0 D0 S26 (4.7%),H32 A32 B0 C0 D2 S0 (3.2%),H20 A0 B20 C0 D0 S26 (3%),H32 A32 B2 C0 D0 S0 (2.9%),H16 A25 B0 C0 D0 S25 (2.1%),H0 A32 B2 C0 D0 S32 (1.9%),H8 A32 B1 C0 D0 S25 (1.8%),H9 A32 B0 C0 D0 S25 (1.8%),2026/09/11
32,ゲンガー,シャドーボール (86.2%),ヘドロウェーブ (64.8%),みちづれ (61.8%),まもる (55.5%),ほろびのうた (35.2%),こごえるかぜ (25%),たたりめ (10.4%),きあいだま (9.4%),おにび (9%),ヘドロばくだん (7.1%),ゲンガナイト (78.2%),きあいのタスキ (19.3%),こだわりスカーフ (1.2%),ふうせん (0.3%),いのちのたま (0.2%),こうかくレンズ (0.2%),きあいのハチマキ (0.1%),たつじんのおび (0.1%),オボンのみ (0%),シュカのみ (0%),のろわれボディ (100%),,,おくびょう (86%),ひかえめ (12.5%),むじゃき (0.7%),せっかち (0.3%),ずぶとい (0.3%),おだやか (0.1%),ようき (0%),まじめ (0%),ゆうかん (0%),おっとり (0%),H2 A0 B0 C32 D0 S32 (37.4%),H32 A0 B0 C2 D0 S32 (11.5%),H14 A0 B0 C20 D0 S32 (9.1%),H18 A0 B0 C13 D3 S32 (4%),H0 A0 B2 C32 D0 S32 (3.6%),H32 A0 B2 C0 D0 S32 (3.4%),H12 A0 B0 C22 D0 S32 (3.1%),H24 A0 B0 C10 D0 S32 (3.1%),H0 A0 B0 C32 D2 S32 (1.7%),H12 A0 B4 C21 D0 S29 (1.1%),2026/09/11
33,ロトム炎,オーバーヒート (97.8%),ボルトチェンジ (92.2%),おにび (71.5%),10まんボルト (45%),トリック (26.6%),いたみわけ (26.2%),イカサマ (9.9%),わるだくみ (7.3%),ほうでん (6.6%),みがわり (2.8%),こだわりスカーフ (29.2%),オボンのみ (26.4%),たべのこし (26%),ゴツゴツメット (9.5%),しろいハーブ (2.3%),カゴのみ (1.6%),イトケのみ (0.8%),いのちのたま (0.7%),こうかくレンズ (0.7%),ひかりのねんど (0.7%),ふゆう (100%),,,ずぶとい (35.1%),ひかえめ (34.5%),おくびょう (18.9%),おだやか (9.6%),のんき (0.6%),なまいき (0.6%),おっとり (0.2%),わんぱく (0.2%),おとなしい (0.1%),れいせい (0.1%),H2 A0 B0 C32 D0 S32 (19.6%),H32 A0 B32 C0 D2 S0 (10.6%),H32 A0 B32 C2 D0 S0 (7.1%),H32 A0 B0 C32 D0 S2 (3.8%),H32 A0 B32 C0 D0 S2 (3.2%),H32 A0 B0 C32 D2 S0 (2.9%),H32 A0 B2 C32 D0 S0 (2.7%),H32 A0 B2 C0 D32 S0 (2.2%),H32 A0 B23 C0 D11 S0 (2.2%),H32 A0 B27 C0 D7 S0 (1.7%),2026/09/11
34,ドドゲザン,ふいうち (99.5%),ドゲザン (97.8%),アイアンヘッド (81.2%),つるぎのまい (64.9%),メタルバースト (20.9%),ハサミギロチン (14.3%),けたぐり (8.2%),かわらわり (7.1%),ステルスロック (1.4%),まもる (1.2%),くろいメガネ (51.5%),きあいのタスキ (19.6%),いのちのたま (9.9%),ラムのみ (5.6%),ヨプのみ (3.7%),ふうせん (3%),オボンのみ (2.2%),たべのこし (1.4%),シュカのみ (0.8%),オッカのみ (0.4%),そうだいしょう (84.2%),まけんき (15.6%),プレッシャー (0.2%),いじっぱり (91.3%),ゆうかん (6.3%),ようき (0.8%),しんちょう (0.6%),わんぱく (0.6%),なまいき (0.1%),のんき (0.1%),のうてんき (0.1%),てれや (0%),やんちゃ (0%),H32 A32 B0 C0 D0 S2 (21.2%),H32 A32 B2 C0 D0 S0 (15.2%),H32 A32 B0 C0 D2 S0 (11.4%),H2 A32 B0 C0 D0 S32 (3.7%),H32 A32 B0 C0 D1 S1 (3%),H8 A32 B0 C0 D0 S26 (3%),H32 A32 B1 C0 D1 S0 (2.6%),H8 A32 B2 C0 D0 S24 (1.9%),H10 A32 B0 C0 D0 S24 (1.9%),H0 A32 B2 C0 D0 S32 (1.7%),2026/09/11
35,イエッサン,ワイドフォース (99.5%),マジカルフレイム (77.9%),マジカルシャイン (73.2%),アンコール (48.7%),トリック (41.6%),シャドーボール (18.1%),いやしのねがい (17.1%),ハイパーボイス (5%),エナジーボール (3.9%),トリックルーム (3.8%),こだわりスカーフ (49%),グランドコート (27.4%),きあいのタスキ (15.9%),いのちのたま (4.8%),サイコシード (1%),まがったスプーン (0.4%),だっしゅつボタン (0.2%),オボンのみ (0.2%),ゴツゴツメット (0.2%),ナモのみ (0.2%),サイコメイカー (99.9%),シンクロ (0.1%),せいしんりょく (0.1%),ひかえめ (53.5%),おくびょう (44%),れいせい (0.9%),ずぶとい (0.6%),せっかち (0.3%),おだやか (0.2%),のんき (0.1%),おっとり (0.1%),ようき (0.1%),おとなしい (0%),H2 A0 B0 C32 D0 S32 (54.7%),H0 A0 B2 C32 D0 S32 (8%),H0 A0 B0 C32 D2 S32 (3.4%),H32 A0 B2 C32 D0 S0 (2.4%),H32 A0 B9 C0 D0 S25 (2.3%),H0 A0 B0 C32 D0 S32 (1.5%),H12 A0 B0 C32 D0 S22 (1.2%),H0 A0 B1 C32 D1 S32 (1.1%),H32 A0 B0 C32 D2 S0 (1.1%),H8 A0 B0 C32 D0 S26 (1.1%),2026/09/11
36,ラグラージ,じしん (80.5%),クイックターン (77.1%),れいとうパンチ (49.9%),ウェーブタックル (48.7%),ステルスロック (46.5%),あくび (44%),まもる (6.8%),ほえる (6.6%),ミラーコート (4.3%),れいとうビーム (3.5%),ラグラージナイト (48.9%),オボンのみ (29%),たべのこし (9.6%),リンドのみ (4.9%),ゴツゴツメット (3.6%),きあいのタスキ (1.3%),ラムのみ (0.6%),いのちのたま (0.5%),たつじんのおび (0.4%),レッドカード (0.1%),げきりゅう (77.8%),しめりけ (22.2%),,いじっぱり (41%),わんぱく (17.3%),のんき (14.8%),ようき (11.9%),なまいき (5.7%),しんちょう (5%),ひかえめ (1.4%),ずぶとい (1.2%),ゆうかん (0.6%),やんちゃ (0.4%),H2 A32 B0 C0 D0 S32 (24.8%),H32 A0 B32 C0 D2 S0 (14.4%),H0 A32 B2 C0 D0 S32 (6.1%),H32 A0 B2 C0 D32 S0 (4.2%),H32 A0 B30 C0 D4 S0 (4%),H8 A32 B0 C0 D0 S26 (3.2%),H32 A0 B20 C0 D14 S0 (2.2%),H32 A2 B32 C0 D0 S0 (1.7%),H16 A23 B0 C0 D0 S27 (1.6%),H0 A32 B0 C0 D2 S32 (1.5%),2026/09/11
37,バシャーモ,フレアドライブ (87.9%),インファイト (67.8%),かみなりパンチ (46.7%),まもる (43%),つるぎのまい (41.9%),みきり (33.3%),とびひざげり (20.7%),バトンタッチ (10.5%),ストーンエッジ (9.9%),じしん (6.3%),バシャーモナイト (58.6%),いのちのたま (19.9%),きあいのタスキ (13.3%),オボンのみ (3.2%),こだわりスカーフ (1.2%),たつじんのおび (0.6%),ふうせん (0.5%),たべのこし (0.4%),イトケのみ (0.4%),ラムのみ (0.3%),かそく (98.8%),もうか (1.2%),,いじっぱり (71.6%),ようき (18.1%),わんぱく (3.2%),やんちゃ (2%),ひかえめ (1.3%),むじゃき (1%),しんちょう (0.7%),おくびょう (0.6%),さみしがり (0.4%),せっかち (0.3%),H2 A32 B0 C0 D0 S32 (54.6%),H16 A32 B0 C0 D0 S18 (3.6%),H0 A32 B2 C0 D0 S32 (3.5%),H0 A32 B1 C0 D1 S32 (3.2%),H0 A32 B0 C0 D2 S32 (2.4%),H4 A32 B0 C0 D0 S30 (2.1%),H20 A20 B0 C0 D1 S25 (1.6%),H0 A32 B0 C0 D0 S32 (1.6%),H2 A0 B0 C32 D0 S32 (1.3%),H10 A32 B0 C0 D0 S24 (1.1%),2026/09/11
38,アブソル,シャドークロー (91.3%),ふいうち (69.4%),つるぎのまい (63.8%),インファイト (61.2%),つじぎり (41.1%),かげうち (15.5%),サイコカッター (15.5%),じゃれつく (8.5%),シザークロス (5.7%),きあいだめ (3.6%),アブソルナイトZ (97.4%),アブソルナイト (2.4%),オボンのみ (0.1%),きあいのタスキ (0%),ピントレンズ (0%),いのちのたま (0%),,,,,せいぎのこころ (64.9%),きょううん (21.2%),プレッシャー (13.9%),ようき (56.2%),いじっぱり (39.4%),むじゃき (1.4%),おくびょう (0.9%),わんぱく (0.5%),やんちゃ (0.5%),ひかえめ (0.3%),さみしがり (0.3%),のうてんき (0.2%),せっかち (0.2%),H2 A32 B0 C0 D0 S32 (34.1%),H1 A32 B1 C0 D0 S32 (25.7%),H0 A32 B2 C0 D0 S32 (4.2%),H1 A32 B0 C0 D1 S32 (3.7%),H0 A32 B0 C0 D2 S32 (2.1%),H0 A32 B1 C0 D1 S32 (1.6%),H0 A32 B0 C0 D0 S32 (1.2%),H0 A31 B16 C0 D0 S19 (1.1%),H3 A32 B1 C0 D0 S30 (1.1%),H1 A32 B0 C0 D0 S32 (1%),2026/09/11
39,ブラッキー,イカサマ (97.6%),まもる (81.9%),ねがいごと (81.5%),あくび (54.1%),どくどく (43.5%),つきのひかり (17.7%),みきり (6.3%),ちょうはつ (4%),バークアウト (3.4%),バトンタッチ (2.6%),たべのこし (88.3%),ゴツゴツメット (5.6%),オボンのみ (4.1%),ラムのみ (0.5%),メンタルハーブ (0.2%),ひかりのねんど (0.2%),ひかりのこな (0.2%),グラスシード (0.1%),くろいメガネ (0.1%),カゴのみ (0.1%),せいしんりょく (75.3%),シンクロ (24.7%),,ずぶとい (57.2%),わんぱく (22.1%),おだやか (9.6%),しんちょう (6.7%),のんき (3.2%),なまいき (0.9%),いじっぱり (0.2%),せっかち (0%),やんちゃ (0%),ひかえめ (0%),H32 A0 B32 C0 D2 S0 (45.6%),H32 A0 B30 C0 D0 S4 (6.5%),H32 A0 B2 C0 D32 S0 (5.7%),H31 A0 B32 C0 D3 S0 (5.2%),H32 A0 B30 C0 D4 S0 (3%),H32 A0 B32 C0 D0 S2 (3%),H32 A0 B32 C0 D1 S1 (2.9%),H32 A0 B20 C0 D14 S0 (2%),H32 A0 B32 C0 D0 S0 (1.7%),H31 A0 B30 C0 D5 S0 (1.3%),2026/09/11
40,ドヒドイデ,じこさいせい (98.3%),どくどく (88.5%),くろいきり (71.7%),まとわりつく (57.3%),トーチカ (30.8%),アクアブレイク (18.9%),どくびし (17.1%),ひやみず (5.3%),しっぺがえし (2.1%),まもる (1.9%),たべのこし (60%),ゴツゴツメット (12.3%),オボンのみ (11.8%),しめつけバンド (6.9%),メンタルハーブ (2.1%),シュカのみ (1.4%),レッドカード (1.4%),ふうせん (1.3%),ひかりのこな (0.7%),きれいなぬけがら (0.3%),さいせいりょく (99.5%),ひとでなし (0.3%),じゅうなん (0.2%),しんちょう (32.4%),おだやか (24%),ずぶとい (21.4%),わんぱく (12.1%),なまいき (5.2%),のんき (4%),ゆうかん (0.2%),おとなしい (0.1%),のうてんき (0.1%),れいせい (0.1%),H32 A0 B2 C0 D32 S0 (30.3%),H32 A0 B14 C0 D20 S0 (19%),H32 A0 B32 C0 D2 S0 (17.7%),H32 A0 B6 C0 D28 S0 (4.4%),H32 A0 B28 C0 D6 S0 (3.6%),H32 A0 B18 C0 D16 S0 (3.2%),H32 A0 B16 C0 D18 S0 (1.8%),H32 A0 B8 C0 D26 S0 (1.8%),H32 A0 B0 C0 D32 S0 (1.3%),H32 A0 B20 C0 D14 S0 (1.1%),2026/09/11
41,ライチュウ,でんじほう (94.6%),きあいだま (94%),くさむすび (70%),わるだくみ (28.7%),みがわり (26.8%),ボルトチェンジ (18.4%),ねこだまし (13.2%),アンコール (12.2%),みわくのボイス (11.8%),ボルテッカー (4%),ライチュウナイトY (94.6%),ライチュウナイトX (4.7%),きあいのタスキ (0.4%),ひかりのねんど (0.1%),オボンのみ (0%),ルカリオナイトZ (0%),いのちのたま (0%),,,,ひらいしん (92%),せいでんき (8%),,おくびょう (76.6%),ひかえめ (15.7%),ようき (3.1%),ずぶとい (1.8%),せっかち (0.9%),むじゃき (0.8%),いじっぱり (0.6%),おっとり (0.1%),わんぱく (0.1%),うっかりや (0%),H2 A0 B0 C32 D0 S32 (43.9%),H30 A0 B31 C0 D0 S5 (13.6%),H0 A0 B2 C32 D0 S32 (3.2%),H2 A32 B0 C0 D0 S32 (2.5%),H32 A0 B29 C0 D0 S5 (2%),H0 A0 B0 C32 D2 S32 (1.7%),H32 A0 B0 C0 D5 S29 (1.2%),H0 A0 B0 C32 D0 S32 (0.8%),H24 A0 B3 C10 D0 S29 (0.8%),H32 A0 B1 C7 D0 S26 (0.7%),2026/09/11
42,ハッサム,バレットパンチ (99.9%),とんぼがえり (64.6%),つるぎのまい (61.1%),はねやすめ (55.1%),はたきおとす (41.5%),インファイト (34.6%),ダブルウイング (8.9%),きりばらい (7.1%),のろい (7.1%),むしくい (4.2%),ハッサムナイト (32.9%),ゴツゴツメット (17.9%),いのちのたま (16.5%),メタルコート (11.1%),オボンのみ (8%),たべのこし (7.5%),ラムのみ (2.4%),きあいのタスキ (1.1%),オッカのみ (0.8%),たつじんのおび (0.7%),テクニシャン (98.3%),ライトメタル (0.9%),むしのしらせ (0.8%),いじっぱり (72.2%),わんぱく (15.8%),のんき (4.4%),ゆうかん (3.9%),しんちょう (2.8%),ずぶとい (0.4%),ようき (0.2%),のうてんき (0.1%),やんちゃ (0.1%),なまいき (0%),H32 A2 B32 C0 D0 S0 (21.5%),H32 A32 B2 C0 D0 S0 (12.6%),H32 A32 B0 C0 D2 S0 (6.9%),H32 A0 B32 C0 D2 S0 (5.2%),H32 A32 B0 C0 D0 S2 (4.7%),H30 A32 B0 C0 D0 S4 (3.2%),H30 A32 B1 C0 D2 S1 (1.8%),H32 A10 B24 C0 D0 S0 (1.6%),H32 A0 B2 C0 D32 S0 (1.3%),H32 A32 B1 C0 D1 S0 (1.2%),2026/09/11
43,ハラバリー,みずびたし (93.6%),なまける (91.6%),どくどく (77.5%),ボルトチェンジ (72.3%),パラボラチャージ (58.3%),アシッドボム (1.4%),ふいうち (1.3%),まもる (1.1%),10まんボルト (0.5%),リフレクター (0.4%),たべのこし (64.3%),オボンのみ (24%),シュカのみ (3.4%),ふうせん (3.4%),ゴツゴツメット (1.6%),じしゃく (1.3%),おおきなねっこ (0.6%),ラムのみ (0.2%),レッドカード (0.2%),せんせいのツメ (0.2%),でんきにかえる (99.2%),せいでんき (0.8%),しめりけ (0%),おだやか (73.2%),ずぶとい (12.4%),なまいき (8.2%),ひかえめ (3.8%),のんき (1.2%),れいせい (0.7%),しんちょう (0.1%),わんぱく (0.1%),おっとり (0.1%),おくびょう (0%),H31 A0 B4 C0 D28 S3 (17.7%),H32 A0 B2 C0 D32 S0 (10.9%),H31 A0 B3 C0 D32 S0 (6%),H31 A0 B0 C0 D32 S3 (5%),H31 A0 B4 C0 D31 S0 (4.7%),H32 A0 B0 C0 D31 S3 (3%),H32 A0 B0 C2 D32 S0 (2.7%),H31 A0 B3 C0 D27 S5 (2.2%),H32 A0 B32 C0 D2 S0 (2.1%),H32 A0 B7 C0 D27 S0 (1.5%),2026/09/11
44,フラエッテ(えいえん),ムーンフォース (93%),めいそう (83%),ドレインキッス (54.8%),はめつのひかり (46.6%),こうごうせい (37.4%),サイコキネシス (31.8%),あまえる (21.4%),トリック (10.2%),みがわり (8.4%),ミストフィールド (2.8%),フラエッテナイト (86.8%),こだわりスカーフ (11.5%),ピジョットナイト (0.5%),きあいのタスキ (0.3%),ようせいのハネ (0.3%),オボンのみ (0.1%),ふうせん (0%),いのちのたま (0%),グラスシード (0%),リリバのみ (0%),フラワーベール (96.7%),きょうせい (3.3%),,おくびょう (63.3%),ひかえめ (30.5%),ずぶとい (5.8%),おだやか (0.4%),,,,,,,H22 A0 B11 C1 D0 S32 (18.3%),H2 A0 B0 C32 D0 S32 (14.5%),H0 A0 B2 C32 D0 S32 (3.5%),H0 A0 B6 C28 D0 S32 (3.3%),H32 A0 B29 C5 D0 S0 (1.9%),H32 A0 B32 C2 D0 S0 (1.7%),H6 A0 B7 C32 D0 S21 (1.7%),H32 A0 B12 C5 D0 S17 (1.5%),H32 A0 B2 C32 D0 S0 (1.5%),H2 A0 B11 C21 D0 S32 (1.4%),2026/09/11
45,ソウブレイズ,むねんのつるぎ (95.5%),かげうち (94.8%),ポルターガイスト (87.7%),つるぎのまい (66.5%),インファイト (25.6%),ビルドアップ (11.8%),みちづれ (6.5%),ちょうはつ (1.8%),まもる (1.6%),おにび (1.5%),きあいのタスキ (73.8%),たべのこし (6.7%),オボンのみ (5.3%),いのちのたま (3.6%),ふうせん (2.1%),のろいのおふだ (1.9%),こだわりスカーフ (1.8%),シュカのみ (1.8%),ナモのみ (0.6%),カシブのみ (0.6%),くだけるよろい (68%),もらいび (32%),,いじっぱり (81.4%),ようき (14%),しんちょう (2.2%),わんぱく (1.6%),さみしがり (0.2%),やんちゃ (0.2%),せっかち (0.1%),おくびょう (0.1%),おとなしい (0.1%),むじゃき (0.1%),H1 A32 B1 C0 D0 S32 (23.5%),H2 A32 B0 C0 D0 S32 (23%),H1 A32 B0 C0 D1 S32 (8.5%),H0 A32 B2 C0 D0 S32 (8.3%),H0 A32 B0 C0 D2 S32 (4.5%),H32 A32 B2 C0 D0 S0 (1.9%),H32 A32 B0 C0 D0 S2 (1.8%),H18 A15 B7 C0 D2 S24 (1.8%),H0 A32 B0 C0 D0 S32 (1.3%),H31 A15 B7 C0 D13 S0 (0.8%),2026/09/11
46,オーロンゲ,リフレクター (91.2%),ひかりのかべ (89.3%),ソウルクラッシュ (67.8%),すてゼリフ (60.2%),ちょうはつ (47.7%),イカサマ (24.3%),ふいうち (5.9%),ねこだまし (5.3%),じゃれつく (2.4%),ビルドアップ (1.1%),ひかりのねんど (89.1%),たべのこし (4.6%),オボンのみ (1.5%),たつじんのおび (1%),いのちのたま (0.7%),ゴツゴツメット (0.7%),だっしゅつボタン (0.4%),ラムのみ (0.2%),きあいのタスキ (0.2%),ふうせん (0.2%),いたずらごころ (99.8%),わるいてぐせ (0.1%),おみとおし (0.1%),わんぱく (64.9%),しんちょう (16.7%),いじっぱり (11.2%),ずぶとい (2.8%),おだやか (1.4%),なまいき (0.9%),のんき (0.6%),ようき (0.4%),ゆうかん (0.3%),さみしがり (0.3%),H32 A0 B32 C0 D2 S0 (23.8%),H31 A0 B25 C0 D10 S0 (8%),H31 A0 B32 C0 D3 S0 (3.9%),H31 A0 B15 C0 D17 S3 (3.8%),H32 A0 B25 C0 D9 S0 (2.9%),H32 A0 B0 C0 D32 S2 (2.3%),H32 A0 B2 C0 D32 S0 (2.1%),H31 A0 B15 C0 D20 S0 (1.8%),H32 A32 B2 C0 D0 S0 (1.7%),H32 A0 B32 C0 D0 S2 (1.6%),2026/09/11
47,マンムー,じしん (99.5%),こおりのつぶて (98.1%),つららばり (45.4%),つららおとし (44.8%),ステルスロック (40.8%),がむしゃら (26.8%),がんせきふうじ (25.7%),ストーンエッジ (3.8%),いわなだれ (3.7%),はたきおとす (2.5%),きあいのタスキ (88%),いのちのたま (5.9%),オボンのみ (1.4%),こだわりスカーフ (1.3%),ラムのみ (0.6%),たつじんのおび (0.6%),ゴツゴツメット (0.5%),とけないこおり (0.4%),せんせいのツメ (0.3%),たべのこし (0.2%),どんかん (56.6%),あついしぼう (42.7%),ゆきがくれ (0.7%),いじっぱり (87.8%),ようき (9%),やんちゃ (0.8%),さみしがり (0.6%),わんぱく (0.6%),むじゃき (0.5%),ゆうかん (0.3%),しんちょう (0.2%),せっかち (0.1%),うっかりや (0.1%),H2 A32 B0 C0 D0 S32 (53.6%),H0 A32 B2 C0 D0 S32 (16.3%),H0 A32 B0 C0 D2 S32 (5.7%),H32 A32 B2 C0 D0 S0 (2.5%),H0 A32 B0 C0 D0 S32 (2.2%),H0 A32 B1 C0 D1 S32 (2.2%),H32 A32 B0 C0 D0 S2 (1.6%),H32 A32 B0 C0 D2 S0 (1.3%),H25 A32 B0 C0 D0 S9 (0.7%),H0 A32 B0 C2 D0 S32 (0.6%),2026/09/11
48,ペリッパー,ぼうふう (97.6%),とんぼがえり (88.4%),れいとうビーム (73.6%),なみのり (53.6%),ウェザーボール (37.8%),おいかぜ (14%),はねやすめ (12.6%),ハイドロポンプ (8.8%),でんこうせっか (5.1%),あまごい (3.3%),しめったいわ (60%),きあいのタスキ (13.5%),こだわりスカーフ (11.7%),オボンのみ (4.9%),ゴツゴツメット (3.5%),いのちのたま (1.3%),ラムのみ (1.3%),だっしゅつボタン (1.2%),しんぴのしずく (0.5%),たべのこし (0.4%),あめふらし (99.8%),するどいめ (0.2%),あめうけざら (0%),ひかえめ (41.2%),のんき (19%),おくびょう (12.5%),ずぶとい (11.5%),れいせい (8.3%),なまいき (3.6%),おだやか (3.3%),おっとり (0.3%),せっかち (0.1%),うっかりや (0.1%),H2 A0 B0 C32 D0 S32 (22.3%),H32 A0 B32 C0 D2 S0 (11.2%),H32 A0 B32 C2 D0 S0 (7.8%),H32 A0 B2 C32 D0 S0 (6.7%),H32 A0 B0 C32 D2 S0 (4.4%),H32 A0 B0 C32 D0 S2 (3.8%),H32 A0 B2 C0 D32 S0 (3.5%),H32 A0 B30 C0 D4 S0 (2.3%),H0 A0 B0 C32 D2 S32 (2.2%),H0 A0 B1 C32 D1 S32 (2.2%),2026/09/11
49,エンペルト,なみのり (70.6%),れいとうビーム (63.1%),ステルスロック (62.3%),あくび (57.5%),クイックターン (40.8%),しんくうは (34.7%),ラスターカノン (34.2%),ハイドロポンプ (8.4%),はねやすめ (7.6%),くさむすび (6.2%),シュカのみ (45.9%),ふうせん (19.6%),たべのこし (13.8%),オボンのみ (10.3%),きあいのタスキ (4.5%),ゴツゴツメット (1.7%),ヨプのみ (1.4%),せんせいのツメ (0.6%),しんぴのしずく (0.4%),たつじんのおび (0.4%),かちき (74.1%),げきりゅう (25.9%),,ひかえめ (45.8%),なまいき (23.4%),おだやか (11.8%),ずぶとい (9.7%),のんき (5.6%),れいせい (2.2%),しんちょう (0.5%),おくびょう (0.4%),わんぱく (0.3%),ようき (0.1%),H32 A0 B2 C0 D32 S0 (14.8%),H32 A0 B0 C2 D32 S0 (11.4%),H32 A0 B2 C32 D0 S0 (9.4%),H32 A0 B32 C0 D2 S0 (7%),H32 A0 B0 C32 D0 S2 (4%),H28 A0 B1 C27 D9 S1 (3.8%),H32 A0 B5 C0 D29 S0 (2.3%),H2 A0 B0 C32 D0 S32 (2%),H32 A0 B0 C32 D2 S0 (1.8%),H32 A0 B22 C0 D12 S0 (1.8%),2026/09/11
50,バイバニラ,フリーズドライ (95.1%),ふぶき (91.9%),こおりのつぶて (83.3%),オーロラベール (52.4%),ちょうはつ (43.5%),ぜったいれいど (20.9%),ミラーコート (4.2%),だいばくはつ (2.5%),ラスターカノン (1.8%),こおりのいぶき (1.1%),とけないこおり (60.5%),ひかりのねんど (29.2%),きあいのタスキ (3.4%),こだわりスカーフ (2.2%),オボンのみ (1.9%),たべのこし (1.3%),オッカのみ (0.2%),ゴツゴツメット (0.2%),ラムのみ (0.2%),つめたいいわ (0.2%),ゆきふらし (99.4%),くだけるよろい (0.5%),アイスボディ (0.1%),ひかえめ (73.4%),ずぶとい (8.9%),おくびょう (5.4%),れいせい (4.2%),おだやか (3.9%),のんき (1.4%),うっかりや (0.8%),なまいき (0.7%),まじめ (0.2%),しんちょう (0.2%),H23 A0 B0 C23 D0 S20 (10.1%),H25 A0 B1 C25 D0 S15 (6.2%),H25 A0 B0 C32 D1 S8 (4.1%),H32 A0 B2 C32 D0 S0 (3.9%),H2 A0 B0 C32 D0 S32 (3.5%),H25 A0 B0 C30 D1 S10 (3.4%),H25 A0 B0 C32 D0 S9 (2.8%),H25 A0 B0 C32 D2 S7 (2.7%),H29 A0 B5 C32 D0 S0 (2.6%),H31 A0 B3 C32 D0 S0 (2%),2026/09/11
51,ダイケンキH,ひけん・ちえなみ (98.7%),せいなるつるぎ (92.3%),ふいうち (71.6%),シェルブレード (45.1%),アクアカッター (24%),クイックターン (20.5%),つるぎのまい (19.4%),アンコール (8.3%),れいとうビーム (5.9%),アクアジェット (5.6%),くろいメガネ (36.9%),きあいのタスキ (30.5%),こだわりスカーフ (19%),ラムのみ (5.4%),オボンのみ (2.8%),いのちのたま (2%),たつじんのおび (0.7%),たべのこし (0.4%),しんぴのしずく (0.3%),きあいのハチマキ (0.3%),きれあじ (98.7%),げきりゅう (1.3%),,いじっぱり (72.8%),ようき (19.5%),やんちゃ (3%),むじゃき (2.3%),わんぱく (1%),さみしがり (0.6%),うっかりや (0.3%),なまいき (0.1%),せっかち (0.1%),ゆうかん (0.1%),H2 A32 B0 C0 D0 S32 (34.7%),H20 A32 B0 C0 D2 S12 (5.8%),H16 A32 B2 C0 D6 S10 (5.5%),H0 A32 B2 C0 D0 S32 (5%),H20 A32 B1 C0 D0 S13 (3.9%),H24 A32 B0 C0 D0 S10 (2.9%),H0 A32 B0 C0 D2 S32 (2.6%),H0 A32 B0 C2 D0 S32 (1.9%),H16 A32 B3 C0 D4 S11 (1.9%),H32 A32 B0 C0 D0 S2 (1.5%),2026/09/11
52,ミミロップ,トリプルアクセル (70.6%),インファイト (63.6%),ねこだまし (62%),マッハパンチ (54.7%),つるぎのまい (32.4%),とびひざげり (30.4%),とんぼがえり (14.8%),れいとうパンチ (13.2%),かみなりパンチ (10.9%),メガトンキック (8%),ミミロップナイト (95.3%),オボンのみ (2.9%),こだわりスカーフ (0.8%),メンタルハーブ (0.6%),ヨプのみ (0.1%),ひかりのこな (0%),しんぴのしずく (0%),たべのこし (0%),きあいのタスキ (0%),ラムのみ (0%),じゅうなん (77.5%),メロメロボディ (20%),ぶきよう (2.5%),ようき (61.9%),いじっぱり (35.2%),わんぱく (0.9%),ずぶとい (0.9%),しんちょう (0.5%),おくびょう (0.3%),のうてんき (0.1%),まじめ (0.1%),むじゃき (0%),なまいき (0%),H1 A32 B1 C0 D0 S32 (37.6%),H2 A32 B0 C0 D0 S32 (24.4%),H1 A32 B0 C0 D1 S32 (4.3%),H0 A32 B2 C0 D0 S32 (3.5%),H10 A32 B0 C0 D0 S24 (2.6%),H3 A32 B2 C0 D1 S28 (1.6%),H0 A32 B0 C0 D2 S32 (1.4%),H6 A32 B0 C0 D0 S28 (1.2%),H11 A27 B0 C0 D0 S28 (1.2%),H5 A32 B1 C0 D0 S28 (1%),2026/09/11
53,メガニウム,ウェザーボール (98.9%),マジカルシャイン (89.7%),ソーラービーム (77.8%),こうごうせい (69.1%),みがわり (34.9%),だいちのちから (11.1%),くさわけ (10%),まもる (2.5%),げんしのちから (2%),アンコール (1.2%),メガニウムナイト (99.8%),きあいのタスキ (0.1%),,,,,,,,,しんりょく (59.1%),リーフガード (40.9%),,ひかえめ (61.6%),ずぶとい (22.5%),おだやか (7.6%),おくびょう (7.4%),れいせい (0.5%),のんき (0.1%),おとなしい (0.1%),ようき (0.1%),うっかりや (0%),わんぱく (0%),H32 A0 B32 C0 D0 S2 (14.1%),H32 A0 B0 C32 D0 S2 (13.7%),H32 A0 B5 C0 D27 S2 (7.4%),H2 A0 B0 C32 D0 S32 (5.9%),H32 A0 B2 C32 D0 S0 (4.3%),H32 A0 B0 C32 D2 S0 (3%),H32 A0 B1 C32 D1 S0 (2%),H26 A0 B0 C32 D0 S8 (1.9%),H20 A0 B0 C27 D0 S19 (1.8%),H20 A0 B0 C32 D0 S14 (1.6%),2026/09/11
54,バンギラス,はたきおとす (76.6%),ステルスロック (59.2%),ストーンエッジ (37.1%),れいとうパンチ (36.3%),じしん (24.9%),がんせきふうじ (23.2%),ほえる (20.1%),ロックブラスト (15.1%),ばかぢから (12%),れいとうビーム (11.9%),バンギラスナイト (26.6%),たべのこし (17.1%),さらさらいわ (16.3%),オボンのみ (15.9%),ヨプのみ (4.1%),カゴのみ (4%),ラムのみ (2.5%),たつじんのおび (1.9%),いのちのたま (1.5%),シュカのみ (1.4%),すなおこし (99.9%),きんちょうかん (0.1%),,いじっぱり (37.2%),しんちょう (34.6%),ようき (7.5%),ひかえめ (6.4%),わんぱく (5.5%),おだやか (3.2%),なまいき (2.5%),ずぶとい (1.6%),ゆうかん (0.6%),のんき (0.4%),H32 A0 B2 C0 D32 S0 (14%),H32 A2 B0 C0 D32 S0 (10.8%),H32 A32 B0 C0 D2 S0 (7.9%),H32 A32 B2 C0 D0 S0 (5.6%),H2 A32 B0 C0 D0 S32 (4%),H32 A32 B0 C0 D0 S2 (2.7%),H32 A0 B0 C0 D32 S2 (2.6%),H32 A0 B0 C25 D0 S9 (2.1%),H32 A0 B0 C0 D20 S14 (1.6%),H32 A0 B32 C0 D2 S0 (1.3%),2026/09/11
55,クチート,じゃれつく (98.4%),ふいうち (93.6%),ほのおのキバ (68.6%),つるぎのまい (42.5%),アイアンヘッド (24.3%),れいとうパンチ (22%),かみなりパンチ (18.6%),はたきおとす (16%),サイコファング (9%),かわらわり (2.1%),クチートナイト (99.6%),シュカのみ (0.1%),ふうせん (0%),きあいのタスキ (0%),オボンのみ (0%),ゴツゴツメット (0%),,,,,いかく (99.1%),かいりきバサミ (0.6%),ちからずく (0.3%),いじっぱり (89.3%),ゆうかん (8.6%),わんぱく (0.8%),ようき (0.6%),やんちゃ (0.3%),れいせい (0.2%),のうてんき (0.1%),さみしがり (0.1%),すなお (0%),しんちょう (0%),H32 A32 B0 C0 D2 S0 (33.5%),H32 A32 B2 C0 D0 S0 (16.6%),H32 A32 B0 C0 D0 S2 (9%),H32 A32 B1 C0 D1 S0 (2.7%),H30 A32 B0 C0 D0 S4 (2.7%),H32 A32 B0 C0 D1 S1 (1.8%),H19 A32 B0 C0 D0 S15 (1.1%),H16 A32 B0 C0 D0 S18 (1%),H32 A19 B0 C0 D12 S3 (1%),H16 A27 B0 C0 D0 S23 (1%),2026/09/11
56,ピクシー,ムーンフォース (79.5%),つきのひかり (77.8%),コスモパワー (55.7%),かえんほうしゃ (42.2%),アシストパワー (31.1%),めいそう (24.7%),ステルスロック (10.8%),マジカルフレイム (9.7%),バトンタッチ (8.9%),アンコール (8.6%),ピクシナイト (72.8%),たべのこし (12.6%),オボンのみ (5.3%),いのちのたま (4.5%),ゴツゴツメット (2.2%),レッドカード (0.6%),リリバのみ (0.4%),たつじんのおび (0.3%),でんきだま (0.2%),グラスシード (0.2%),てんねん (85.2%),マジックガード (14.1%),メロメロボディ (0.7%),ずぶとい (60.6%),ひかえめ (21.8%),おだやか (15.7%),おくびょう (0.9%),てれや (0.5%),のんき (0.2%),なまいき (0.2%),ようき (0.1%),おっとり (0%),のうてんき (0%),H32 A0 B32 C0 D2 S0 (21.8%),H31 A0 B32 C0 D3 S0 (4.8%),H32 A0 B32 C0 D0 S2 (4.1%),H32 A0 B2 C0 D32 S0 (2.3%),H31 A0 B32 C0 D0 S3 (2.2%),H32 A0 B2 C32 D0 S0 (1.8%),H32 A0 B21 C0 D0 S13 (1.8%),H32 A0 B0 C32 D0 S2 (1.6%),H32 A0 B27 C0 D7 S0 (1.6%),H32 A0 B32 C0 D0 S0 (1.5%),2026/09/11
57,ムクホーク,インファイト (93.6%),ブレイブバード (93.1%),はねやすめ (74.3%),ブレイズキック (49.7%),とんぼがえり (26.5%),いのちがけ (19.2%),ビルドアップ (8.6%),すてみタックル (6.9%),でんこうせっか (5.2%),みがわり (5.1%),ムクホークナイト (77.3%),こだわりスカーフ (20.1%),いのちのたま (0.5%),せんせいのツメ (0.5%),ゴツゴツメット (0.3%),きあいのタスキ (0.3%),オボンのみ (0.2%),するどいくちばし (0.2%),しろいハーブ (0%),ラムのみ (0%),いかく (88.5%),すてみ (11.5%),,ようき (78.9%),いじっぱり (17.8%),わんぱく (1.2%),しんちょう (0.7%),ゆうかん (0.4%),やんちゃ (0.4%),おくびょう (0.2%),むじゃき (0.2%),さみしがり (0.1%),ずぶとい (0%),H2 A32 B0 C0 D0 S32 (29.2%),H32 A2 B0 C0 D0 S32 (12.5%),H1 A32 B1 C0 D0 S32 (8.1%),H31 A3 B0 C0 D0 S32 (4.7%),H15 A16 B2 C0 D1 S32 (4.4%),H0 A32 B2 C0 D0 S32 (3%),H1 A32 B0 C0 D1 S32 (2.6%),H31 A0 B0 C0 D3 S32 (2.2%),H0 A32 B0 C0 D2 S32 (2.1%),H32 A0 B0 C0 D2 S32 (1.9%),2026/09/11
58,カメックス,はどうだん (77.9%),からをやぶる (76.1%),あくのはどう (71.5%),みずのはどう (46.4%),れいとうビーム (44.3%),だいちのはどう (30.3%),りゅうのはどう (12.3%),アクアジェット (10.6%),しおふき (9.6%),なみのり (6.2%),カメックスナイト (95.2%),しろいハーブ (1.8%),ラムのみ (0.9%),たべのこし (0.8%),きあいのタスキ (0.4%),オボンのみ (0.3%),メンタルハーブ (0.2%),ゴツゴツメット (0.2%),たつじんのおび (0.1%),しんぴのしずく (0%),げきりゅう (65.6%),あめうけざら (34.4%),,ひかえめ (85.9%),おくびょう (11.5%),ずぶとい (1.1%),のんき (0.4%),れいせい (0.4%),うっかりや (0.2%),おだやか (0.2%),おっとり (0.1%),わんぱく (0.1%),ようき (0.1%),H21 A0 B1 C15 D0 S29 (10.3%),H5 A0 B0 C32 D0 S29 (8.4%),H2 A0 B0 C32 D0 S32 (8.3%),H19 A0 B0 C18 D0 S29 (4.3%),H1 A0 B1 C32 D0 S32 (4.1%),H31 A0 B3 C32 D0 S0 (3.5%),H32 A0 B2 C32 D0 S0 (3.4%),H25 A0 B0 C31 D0 S10 (3.3%),H17 A0 B0 C31 D0 S18 (2.4%),H1 A0 B0 C32 D1 S32 (2%),2026/09/11
59,ジュペッタ,みちづれ (98.8%),ポルターガイスト (97.6%),アンコール (72.6%),かげうち (65.6%),ちょうはつ (28.8%),おにび (10.5%),ダストシュート (8.5%),まもる (4.1%),トリックルーム (2.4%),ふいうち (1.8%),ジュペッタナイト (99.9%),カシブのみ (0%),きあいのタスキ (0%),,,,,,,,おみとおし (86.3%),ふみん (9.6%),のろわれボディ (4.1%),いじっぱり (71.1%),ゆうかん (23%),わんぱく (1.4%),さみしがり (1.2%),ようき (0.9%),やんちゃ (0.8%),むじゃき (0.6%),のんき (0.3%),せっかち (0.2%),しんちょう (0.2%),H32 A32 B2 C0 D0 S0 (35.2%),H32 A32 B0 C0 D2 S0 (11.8%),H32 A32 B0 C0 D0 S2 (11%),H2 A32 B0 C0 D0 S32 (3.3%),H32 A32 B1 C0 D1 S0 (3.1%),H32 A32 B1 C0 D0 S1 (2.8%),H32 A25 B0 C0 D9 S0 (1.7%),H32 A25 B0 C0 D8 S1 (1.6%),H32 A32 B0 C0 D0 S0 (1.4%),H0 A32 B0 C0 D0 S32 (1.3%),2026/09/11
60,フシギバナ,だいちのちから (84.4%),ギガドレイン (65.5%),こうごうせい (56.5%),ヘドロばくだん (51.5%),やどりぎのタネ (39.8%),ヘドロウェーブ (30.9%),ウェザーボール (19.9%),せいちょう (10%),ねむりごな (9.8%),どくどく (9.1%),フシギバナイト (72.7%),いのちのたま (19.5%),たべのこし (2.3%),きせきのタネ (1.2%),たつじんのおび (0.9%),オボンのみ (0.8%),こうかくレンズ (0.6%),おおきなねっこ (0.5%),せんせいのツメ (0.3%),ラムのみ (0.3%),ようりょくそ (80.5%),しんりょく (19.5%),,ひかえめ (41.6%),ずぶとい (27.5%),おだやか (26.1%),おくびょう (3.4%),おっとり (0.6%),まじめ (0.2%),いじっぱり (0.2%),わんぱく (0.1%),おとなしい (0.1%),れいせい (0.1%),H2 A0 B0 C32 D0 S32 (11.7%),H32 A0 B32 C0 D2 S0 (9.3%),H32 A0 B2 C0 D32 S0 (6.9%),H32 A0 B0 C32 D0 S2 (4.3%),H32 A0 B2 C32 D0 S0 (2.7%),H32 A0 B0 C32 D2 S0 (2.6%),H22 A0 B0 C32 D0 S12 (2.4%),H32 A0 B27 C0 D7 S0 (2.4%),H32 A0 B0 C2 D32 S0 (1.9%),H32 A0 B4 C0 D30 S0 (1.5%),2026/09/11
61,ドラパルト,シャドーボール (52.9%),りゅうせいぐん (49%),ドラゴンアロー (34.1%),かえんほうしゃ (33.9%),とんぼがえり (32.3%),10まんボルト (28.8%),おにび (22.3%),だいもんじ (20.7%),のろい (18.9%),ひかりのかべ (18.7%),いのちのたま (38.4%),こだわりスカーフ (24.6%),ひかりのねんど (17.9%),きあいのタスキ (12.6%),たつじんのおび (1.5%),ものしりメガネ (0.9%),たべのこし (0.8%),しろいハーブ (0.4%),りゅうのキバ (0.4%),ナモのみ (0.3%),すりぬけ (68.5%),のろわれボディ (18.9%),クリアボディ (12.5%),おくびょう (34.8%),ひかえめ (23.8%),ようき (13.1%),いじっぱり (12.7%),むじゃき (7.6%),やんちゃ (2.9%),うっかりや (1.7%),さみしがり (1.2%),せっかち (0.9%),おっとり (0.6%),H2 A0 B0 C32 D0 S32 (31.8%),H2 A32 B0 C0 D0 S32 (12.1%),H32 A0 B2 C0 D0 S32 (3.6%),H0 A0 B2 C32 D0 S32 (3.5%),H32 A0 B1 C0 D1 S32 (3.1%),H0 A32 B2 C0 D0 S32 (1.9%),H0 A32 B0 C2 D0 S32 (1.5%),H0 A0 B1 C32 D1 S32 (1.3%),H0 A32 B1 C0 D1 S32 (1.2%),H32 A0 B0 C0 D2 S32 (1.2%),2026/09/11
62,グレンアルマ,アーマーキャノン (97.8%),ワイドフォース (82.5%),みちづれ (69.1%),はどうだん (25.8%),こらえる (24.8%),サイコフィールド (18.5%),エナジーボール (13.7%),サイコキネシス (13.4%),めいそう (13%),きあいだま (11.1%),きあいのタスキ (88.1%),シュカのみ (2.6%),オボンのみ (1.9%),いのちのたま (1.5%),ふうせん (1.4%),こだわりスカーフ (1%),サイコシード (1%),まがったスプーン (0.5%),ナモのみ (0.5%),ものしりメガネ (0.3%),くだけるよろい (90.3%),もらいび (9.7%),,ひかえめ (82.4%),おくびょう (12.9%),れいせい (3.3%),ずぶとい (0.5%),おっとり (0.4%),なまいき (0.1%),せっかち (0.1%),すなお (0%),おとなしい (0%),おだやか (0%),H2 A0 B0 C32 D0 S32 (44.5%),H1 A0 B1 C32 D0 S32 (20%),H1 A0 B0 C32 D1 S32 (11%),H0 A0 B0 C32 D2 S32 (4.3%),H0 A0 B2 C32 D0 S32 (2.5%),H32 A0 B2 C32 D0 S0 (1.8%),H1 A0 B0 C32 D0 S32 (1.8%),H31 A0 B0 C32 D3 S0 (1.4%),H32 A0 B0 C32 D2 S0 (1%),H31 A0 B3 C32 D0 S0 (1%),2026/09/11
63,メタモン,へんしん (100%),,,,,,,,,,こだわりスカーフ (87.1%),きあいのタスキ (6%),せんせいのツメ (3.4%),たべのこし (1%),レッドカード (0.9%),いのちのたま (0.5%),オボンのみ (0.4%),ひかりのこな (0.4%),ハバンのみ (0.1%),ゴツゴツメット (0.1%),かわりもの (99.6%),じゅうなん (0.4%),,のんき (21.3%),なまいき (10.6%),ようき (10.3%),おくびょう (8.8%),まじめ (8.6%),むじゃき (5.1%),ゆうかん (5%),れいせい (4.1%),いじっぱり (3.5%),おだやか (2.9%),H32 A0 B0 C0 D0 S0 (18.2%),H32 A0 B32 C0 D2 S0 (10.9%),H32 A0 B2 C0 D0 S32 (8%),H32 A2 B32 C0 D0 S0 (6.7%),H32 A0 B0 C0 D0 S32 (5.9%),H32 A0 B2 C0 D32 S0 (5%),H32 A2 B0 C0 D0 S32 (3.8%),H32 A0 B17 C0 D17 S0 (3%),H32 A0 B0 C2 D32 S0 (3%),H32 A0 B0 C0 D2 S32 (2.5%),2026/09/11
64,スコヴィラン,まもる (86.2%),やどりぎのタネ (81.9%),ギガドレイン (71.1%),かえんほうしゃ (67.3%),リーフストーム (31.1%),しっとのほのお (20.3%),みがわり (13.5%),オーバーヒート (9.7%),いかりのまえば (3.5%),ほのおのうず (3.1%),スコヴィラナイト (90.6%),たべのこし (6.5%),おおきなねっこ (0.6%),いのちのたま (0.5%),オボンのみ (0.4%),きあいのタスキ (0.3%),ちからのハチマキ (0.1%),もくたん (0.1%),ものしりメガネ (0.1%),ひかりのこな (0%),ふみん (51.3%),ムラっけ (46.9%),ようりょくそ (1.8%),ずぶとい (45.3%),ひかえめ (31.3%),おだやか (17.4%),おくびょう (3.8%),しんちょう (0.6%),のんき (0.5%),れいせい (0.4%),いじっぱり (0.3%),なまいき (0.2%),むじゃき (0.1%),H32 A0 B32 C0 D2 S0 (17.9%),H32 A0 B32 C2 D0 S0 (6.5%),H32 A0 B2 C0 D32 S0 (4.3%),H32 A0 B7 C22 D4 S1 (4.1%),H31 A0 B32 C0 D3 S0 (2.9%),H32 A0 B25 C0 D9 S0 (2.4%),H31 A0 B3 C0 D32 S0 (2.3%),H31 A0 B16 C0 D19 S0 (2%),H31 A0 B32 C3 D0 S0 (1.8%),H32 A0 B32 C0 D0 S2 (1.8%),2026/09/11
65,スターミー,アクアジェット (84.4%),アクアブレイク (77.3%),アイススピナー (74.3%),クイックターン (63.7%),しねんのずつき (32.2%),サイコカッター (25.9%),たきのぼり (4.7%),じこさいせい (4.2%),ちいさくなる (3.8%),れいとうビーム (3.7%),スターミナイト (95.4%),たつじんのおび (1.3%),いのちのたま (1.2%),きあいのタスキ (0.8%),こだわりスカーフ (0.5%),ひかりのこな (0.4%),ひかりのねんど (0.2%),しんぴのしずく (0.1%),オボンのみ (0.1%),こうかくレンズ (0%),しぜんかいふく (90.1%),はっこう (6.2%),アナライズ (3.7%),いじっぱり (48.8%),ようき (44.6%),おくびょう (3.5%),ひかえめ (1.8%),わんぱく (0.6%),むじゃき (0.3%),やんちゃ (0.2%),さみしがり (0.1%),せっかち (0.1%),ゆうかん (0%),H2 A32 B0 C0 D0 S32 (50.3%),H8 A32 B1 C0 D0 S25 (6.8%),H16 A20 B0 C0 D0 S30 (3.6%),H24 A24 B0 C0 D18 S0 (3%),H2 A0 B0 C32 D0 S32 (2.7%),H0 A32 B2 C0 D0 S32 (2.2%),H0 A32 B1 C0 D1 S32 (1.9%),H32 A2 B0 C0 D0 S32 (1.6%),H6 A31 B1 C0 D0 S28 (1.2%),H0 A32 B0 C0 D2 S32 (1.2%),2026/09/11
66,ドリュウズ,じしん (98.4%),アイアンヘッド (96.9%),いわなだれ (73.3%),つるぎのまい (35.7%),つのドリル (31.8%),がんせきふうじ (11.7%),こうそくスピン (9.5%),ロックブラスト (6.6%),ステルスロック (6.6%),かわらわり (6.5%),こだわりスカーフ (41.2%),いのちのたま (33.4%),きあいのタスキ (16.8%),ふうせん (2.6%),ドリュウズナイト (1.6%),やわらかいすな (1.3%),たべのこし (0.5%),ヨプのみ (0.4%),イトケのみ (0.4%),きあいのハチマキ (0.4%),かたやぶり (62%),すなかき (37.7%),すなのちから (0.3%),いじっぱり (53.6%),ようき (45.4%),しんちょう (0.5%),やんちゃ (0.1%),わんぱく (0.1%),さみしがり (0.1%),ゆうかん (0.1%),むじゃき (0%),まじめ (0%),せっかち (0%),H2 A32 B0 C0 D0 S32 (45.6%),H0 A32 B2 C0 D0 S32 (14.2%),H0 A32 B0 C0 D2 S32 (5%),H0 A32 B9 C0 D0 S25 (4.7%),H0 A32 B1 C0 D1 S32 (3.3%),H0 A32 B0 C0 D0 S32 (2.5%),H0 A32 B8 C0 D1 S25 (2.4%),H0 A32 B8 C0 D0 S26 (1.1%),H0 A25 B25 C0 D0 S16 (1.1%),H4 A32 B6 C0 D0 S24 (1%),2026/09/11
67,カビゴン,じしん (58.8%),れいとうパンチ (44.1%),じわれ (43.1%),あくび (41.1%),ねむる (31.6%),うちおとす (26.4%),じばく (21.6%),カウンター (20.3%),のしかかり (15.4%),まもる (12.2%),たべのこし (45.6%),ヨプのみ (17.4%),カゴのみ (15.5%),オボンのみ (8.8%),ノーマルジュエル (2.6%),たつじんのおび (2.5%),ラムのみ (2.4%),せんせいのツメ (1.1%),ゴツゴツメット (1.1%),いのちのたま (0.9%),あついしぼう (91.7%),めんえき (7.8%),くいしんぼう (0.5%),しんちょう (37.6%),いじっぱり (29.6%),わんぱく (23%),ゆうかん (2.5%),のんき (2.5%),なまいき (2.3%),ずぶとい (1.1%),おだやか (0.9%),ひかえめ (0.3%),おとなしい (0.2%),H32 A0 B2 C0 D32 S0 (15.8%),H2 A32 B32 C0 D0 S0 (11%),H32 A0 B32 C0 D2 S0 (7.9%),H32 A2 B0 C0 D32 S0 (4.1%),H22 A0 B32 C0 D12 S0 (3.8%),H0 A32 B32 C0 D2 S0 (3.5%),H2 A0 B32 C0 D32 S0 (3.5%),H32 A32 B2 C0 D0 S0 (2.8%),H2 A32 B0 C0 D32 S0 (2.6%),H22 A0 B14 C0 D30 S0 (1.7%),2026/09/11
68,ミロカロス,ねっとう (95.3%),じこさいせい (94.5%),れいとうビーム (70.6%),ミラーコート (66.9%),くろいきり (33.4%),クイックターン (7%),こごえるかぜ (3.6%),とぐろをまく (3.3%),ドラゴンテール (3.1%),みわくのボイス (2.8%),たべのこし (55.3%),オボンのみ (22.1%),ゴツゴツメット (11.7%),ラムのみ (2.6%),きあいのタスキ (2.3%),カゴのみ (1.4%),ようせいのハネ (0.8%),しんぴのしずく (0.8%),しめつけバンド (0.8%),ものしりメガネ (0.6%),かちき (76.6%),ふしぎなうろこ (17%),メロメロボディ (6.3%),ずぶとい (58%),おだやか (26%),ひかえめ (10.2%),のんき (2.2%),しんちょう (1.2%),わんぱく (1%),なまいき (0.8%),おくびょう (0.2%),れいせい (0.1%),いじっぱり (0.1%),H32 A0 B32 C0 D2 S0 (28%),H32 A0 B32 C2 D0 S0 (7.4%),H32 A0 B2 C0 D32 S0 (7%),H31 A0 B32 C0 D3 S0 (4.5%),H32 A0 B0 C2 D32 S0 (2.6%),H32 A0 B32 C0 D0 S2 (2.4%),H31 A0 B3 C0 D32 S0 (1.6%),H31 A0 B32 C0 D0 S3 (1.5%),H32 A0 B2 C32 D0 S0 (1.5%),H32 A0 B29 C0 D5 S0 (1.2%),2026/09/11
69,エアームド,はねやすめ (81.6%),ステルスロック (71%),ふきとばし (55.9%),ボディプレス (43.5%),てっぺき (31.5%),まきびし (22.5%),ちょうはつ (22.4%),アイアンヘッド (20.1%),ブレイブバード (18.9%),つるぎのまい (8.6%),ゴツゴツメット (68.3%),オボンのみ (10%),エアームドナイト (8.6%),たべのこし (6.3%),レッドカード (3.3%),メンタルハーブ (1.4%),きあいのタスキ (1%),オッカのみ (0.4%),ひかりのこな (0.3%),ラムのみ (0.2%),がんじょう (92.7%),くだけるよろい (6.4%),するどいめ (0.9%),わんぱく (64.9%),ずぶとい (12.8%),ようき (7.5%),いじっぱり (5.5%),しんちょう (5.5%),おだやか (2.2%),のんき (1%),むじゃき (0.3%),おくびょう (0.2%),うっかりや (0%),H32 A0 B32 C0 D2 S0 (28.9%),H32 A0 B32 C0 D0 S2 (12.2%),H31 A0 B32 C0 D3 S0 (7.8%),H31 A0 B32 C0 D0 S3 (4.6%),H32 A2 B32 C0 D0 S0 (3.1%),H32 A0 B2 C0 D32 S0 (3.1%),H2 A32 B0 C0 D0 S32 (2.4%),H32 A0 B32 C0 D0 S0 (2.2%),H31 A0 B32 C0 D1 S2 (2%),H31 A0 B32 C0 D2 S1 (1.5%),2026/09/11
70,ヤドキングG,さむいギャグ (69.2%),かえんほうしゃ (62.8%),なまける (44.5%),ヘドロばくだん (41.6%),どくどく (28.4%),れいとうビーム (22.3%),サイコノイズ (17.4%),どくびし (16.2%),ヘドロウェーブ (16.2%),あくび (15.3%),たべのこし (43.2%),オボンのみ (28.3%),シュカのみ (11.4%),ふうせん (4.1%),たつじんのおび (4.1%),ゴツゴツメット (1.8%),ナモのみ (1.5%),いのちのたま (1.1%),ひかりのこな (0.6%),カシブのみ (0.5%),さいせいりょく (99.7%),マイペース (0.3%),きみょうなくすり (0.1%),おだやか (50.1%),なまいき (26.3%),ひかえめ (8.9%),ずぶとい (7.6%),のんき (4.8%),れいせい (1.9%),おくびょう (0.2%),すなお (0.1%),おとなしい (0%),,H32 A0 B2 C0 D32 S0 (23%),H32 A0 B0 C2 D32 S0 (12.8%),H31 A0 B3 C0 D32 S0 (9.6%),H31 A0 B5 C0 D30 S0 (4.7%),H31 A0 B0 C3 D32 S0 (4.7%),H32 A0 B32 C0 D2 S0 (2.5%),H31 A0 B32 C0 D3 S0 (1.7%),H31 A0 B0 C21 D14 S0 (1.5%),H32 A0 B4 C0 D30 S0 (1.5%),H32 A0 B14 C0 D20 S0 (1.3%),2026/09/11
71,ゾロアークH,うらみつらみ (70.3%),こごえるかぜ (65.9%),かえんほうしゃ (60.7%),シャドーボール (26.5%),ちょうはつ (19.9%),きあいだま (19.3%),かげうち (17.8%),ヘドロばくだん (15.2%),おきみやげ (13.6%),はかいこうせん (11.2%),きあいのタスキ (70.7%),こだわりスカーフ (10.2%),いのちのたま (9%),たつじんのおび (2.1%),ラムのみ (1.5%),ひかりのこな (1.4%),ふうせん (1.1%),だっしゅつボタン (0.8%),オボンのみ (0.6%),ノーマルジュエル (0.5%),イリュージョン (100%),,,おくびょう (59.8%),ひかえめ (24.1%),むじゃき (8.8%),せっかち (3.1%),うっかりや (1.8%),おっとり (1.7%),れいせい (0.2%),ようき (0.2%),ずぶとい (0.2%),おだやか (0.1%),H2 A0 B0 C32 D0 S32 (43%),H1 A0 B1 C32 D0 S32 (18.4%),H0 A2 B0 C32 D0 S32 (8.4%),H0 A0 B2 C32 D0 S32 (6.1%),H1 A0 B0 C32 D1 S32 (5%),H0 A0 B0 C32 D0 S32 (3.6%),H0 A0 B0 C32 D2 S32 (2.9%),H32 A0 B0 C32 D2 S0 (1.3%),H1 A1 B0 C32 D0 S32 (1.2%),H0 A0 B9 C32 D0 S25 (1%),2026/09/11
72,ウツボット,ちからをすいとる (92.6%),ギガドレイン (81.8%),ふいうち (75.3%),ヘドロばくだん (55.8%),ヘドロウェーブ (19.4%),アンコール (14.4%),はたきおとす (11.3%),どくづき (10.9%),リーフストーム (6%),どくびし (5.1%),ウツボットナイト (98.2%),いのちのたま (1.7%),オボンのみ (0%),たつじんのおび (0%),きあいのタスキ (0%),レッドカード (0%),,,,,ようりょくそ (94.8%),くいしんぼう (5.2%),,うっかりや (52.1%),ひかえめ (13%),れいせい (8.3%),やんちゃ (7.3%),いじっぱり (4.6%),ずぶとい (3.8%),のんき (2.5%),おくびょう (2.3%),おっとり (1.7%),わんぱく (1.1%),H32 A2 B0 C32 D0 S0 (44.3%),H32 A0 B0 C32 D0 S2 (12.7%),H32 A32 B0 C2 D0 S0 (4.9%),H32 A0 B2 C32 D0 S0 (4.4%),H32 A32 B0 C0 D0 S2 (2.6%),H32 A32 B2 C0 D0 S0 (1.9%),H32 A2 B32 C0 D0 S0 (1.7%),H32 A0 B1 C32 D1 S0 (1.7%),H32 A0 B32 C0 D2 S0 (1.5%),H32 A1 B0 C32 D0 S1 (1.3%),2026/09/11
73,ネギガナイト,リーフブレード (81.2%),スターアサルト (77%),インファイト (48.8%),であいがしら (47.7%),つじぎり (30.8%),でんこうせっか (24.9%),フェイント (17.7%),ブレイブバード (14.8%),はたきおとす (13.6%),つるぎのまい (13.1%),ながねぎ (84.7%),きあいのタスキ (9.5%),いのちのたま (1.6%),ラムのみ (0.7%),こだわりスカーフ (0.7%),くろおび (0.7%),オボンのみ (0.7%),レッドカード (0.4%),せんせいのツメ (0.3%),だっしゅつボタン (0.2%),きもったま (99.1%),ふくつのこころ (0.9%),,いじっぱり (87.9%),ようき (6%),ゆうかん (4%),さみしがり (0.7%),わんぱく (0.5%),しんちょう (0.3%),のうてんき (0.3%),せっかち (0.2%),むじゃき (0.1%),のんき (0.1%),H2 A32 B0 C0 D0 S32 (18.9%),H32 A32 B0 C0 D0 S2 (17.5%),H32 A32 B0 C0 D2 S0 (12.5%),H32 A32 B2 C0 D0 S0 (9.4%),H0 A32 B2 C0 D0 S32 (4.4%),H28 A32 B0 C0 D0 S6 (2.7%),H32 A32 B1 C0 D1 S0 (1.5%),H6 A32 B0 C0 D0 S28 (1.4%),H17 A31 B1 C0 D0 S17 (1.3%),H4 A32 B2 C0 D0 S28 (0.9%),2026/09/11
74,ニョロトノ,アンコール (91.1%),れいとうビーム (85.6%),ほろびのうた (69.3%),ウェザーボール (60.7%),なみのり (34.1%),がむしゃら (21%),まもる (15.4%),だいちのちから (4.5%),うずしお (3%),ハイドロポンプ (2.6%),だっしゅつボタン (88.9%),しめったいわ (5.1%),オボンのみ (1.3%),しんぴのしずく (1%),たべのこし (0.7%),こだわりスカーフ (0.4%),いのちのたま (0.4%),レッドカード (0.2%),リンドのみ (0.2%),ラムのみ (0.1%),あめふらし (99.1%),ちょすい (0.8%),しめりけ (0.1%),ひかえめ (72%),ずぶとい (15.9%),おだやか (9.1%),おくびょう (1.3%),なまいき (1.1%),れいせい (0.1%),のんき (0.1%),おっとり (0.1%),せっかち (0.1%),うっかりや (0%),H32 A0 B0 C32 D2 S0 (37%),H32 A0 B2 C19 D13 S0 (16.4%),H32 A0 B32 C0 D2 S0 (7.1%),H32 A0 B2 C32 D0 S0 (6.8%),H32 A0 B0 C32 D0 S2 (3.1%),H32 A0 B2 C0 D32 S0 (1.7%),H2 A0 B0 C32 D0 S32 (1.4%),H32 A0 B32 C2 D0 S0 (1.4%),H32 A0 B28 C0 D6 S0 (1.2%),H32 A0 B32 C0 D0 S2 (1.1%),
75,エルフーン,ムーンフォース (93.8%),アンコール (75.2%),おいかぜ (52.8%),がむしゃら (39.1%),やどりぎのタネ (34.4%),みがわり (22.9%),おきみやげ (22.1%),コットンガード (11.7%),エナジーボール (9.3%),ちょうはつ (8.2%),きあいのタスキ (56.7%),たべのこし (25.7%),いのちのたま (4.8%),ゴツゴツメット (1.8%),ようせいのハネ (1.6%),ビアーのみ (1.5%),オボンのみ (1.4%),ひかりのねんど (0.8%),こうかくレンズ (0.8%),あついいわ (0.7%),いたずらごころ (95.1%),ようりょくそ (4.4%),すりぬけ (0.5%),おくびょう (36.9%),ひかえめ (32.9%),ずぶとい (25.5%),おだやか (3.5%),のんき (0.5%),せっかち (0.3%),おっとり (0.3%),なまいき (0%),,,H2 A0 B0 C32 D0 S32 (33.6%),H0 A0 B2 C32 D0 S32 (11.9%),H32 A0 B32 C0 D2 S0 (7.7%),H0 A0 B0 C32 D2 S32 (5%),H32 A0 B32 C0 D0 S2 (4.8%),H0 A0 B0 C32 D0 S32 (4.5%),H32 A0 B32 C2 D0 S0 (4.4%),H14 A0 B0 C32 D0 S20 (3.1%),H26 A0 B32 C0 D8 S0 (1.3%),H26 A0 B32 C0 D6 S2 (1.1%),
76,クエスパトラ,ルミナコリジョン (84.7%),まもる (82.2%),バトンタッチ (61.7%),めいそう (51.9%),マジカルシャイン (43.5%),シャドーボール (27.7%),みがわり (10.5%),リフレクター (8.8%),ひかりのかべ (6.7%),エナジーボール (6.6%),きあいのタスキ (48.2%),オボンのみ (19.2%),たべのこし (7.5%),ひかりのねんど (6.7%),グラスシード (5.8%),メンタルハーブ (2.3%),ラムのみ (2.2%),ナモのみ (2.1%),ひかりのこな (1.2%),カシブのみ (0.7%),かそく (99.9%),おみとおし (0%),びんじょう (0%),ひかえめ (42.8%),おくびょう (27.4%),ずぶとい (22.4%),おだやか (5.4%),れいせい (0.6%),わんぱく (0.6%),むじゃき (0.3%),ようき (0.2%),のんき (0.1%),おっとり (0.1%),H1 A0 B1 C32 D0 S32 (17.8%),H2 A0 B0 C32 D0 S32 (12.7%),H32 A0 B32 C0 D2 S0 (3.7%),H32 A0 B0 C0 D21 S13 (3.2%),H0 A0 B2 C32 D0 S32 (2.2%),H0 A0 B0 C32 D2 S32 (2%),H31 A0 B32 C0 D3 S0 (2%),H32 A0 B32 C0 D0 S2 (1.9%),H1 A0 B0 C32 D1 S32 (1.6%),H32 A0 B2 C0 D32 S0 (1.6%),
77,コノヨザル,ふんどのこぶし (95.7%),ドレインパンチ (86.3%),ビルドアップ (77.4%),ちょうはつ (70.3%),ステルスロック (17.1%),れいとうパンチ (11.1%),アンコール (8.9%),がんせきふうじ (4.5%),インファイト (4.4%),のろい (2.7%),たべのこし (44.6%),オボンのみ (36.4%),きあいのタスキ (4.2%),ゴツゴツメット (3.4%),ラムのみ (3%),でんきだま (2.7%),こだわりスカーフ (1.7%),いのちのたま (1.1%),ロゼルのみ (0.6%),カゴのみ (0.4%),まけんき (61.7%),やるき (34.7%),せいしんりょく (3.6%),いじっぱり (50.2%),ようき (20.3%),わんぱく (15.2%),しんちょう (13.9%),ゆうかん (0.2%),うっかりや (0.1%),せっかち (0.1%),さみしがり (0.1%),なまいき (0%),ずぶとい (0%),H32 A15 B14 C0 D0 S5 (8.7%),H32 A32 B2 C0 D0 S0 (5.8%),H2 A32 B0 C0 D0 S32 (4.7%),H24 A32 B0 C0 D0 S10 (4.1%),H32 A2 B0 C0 D0 S32 (3.5%),H32 A15 B1 C0 D18 S0 (3.2%),H32 A0 B32 C0 D2 S0 (3.1%),H32 A32 B0 C0 D0 S2 (2.5%),H32 A2 B0 C0 D32 S0 (2.5%),H32 A0 B2 C0 D32 S0 (2.3%),
78,オニシズクモ,ねばねばネット (88%),ミラーコート (73.6%),アクアブレイク (68%),なみのり (27%),きゅうけつ (24.3%),がむしゃら (15.7%),れいとうビーム (14.6%),とびかかる (14.3%),とびつく (12.1%),こごえるかぜ (10.9%),オボンのみ (40.1%),しんぴのしずく (21.9%),きあいのタスキ (10.5%),たべのこし (6%),レッドカード (4%),いのちのたま (3.2%),ゴツゴツメット (2.5%),ラムのみ (1.6%),バコウのみ (1.6%),フォーカスレンズ (1.5%),すいほう (99.6%),ちょすい (0.4%),,いじっぱり (35.6%),ひかえめ (24.2%),わんぱく (18.4%),しんちょう (6.3%),ようき (3.1%),ずぶとい (2.9%),おだやか (2.8%),ゆうかん (2.4%),れいせい (1.4%),なまいき (0.9%),H32 A32 B2 C0 D0 S0 (16.5%),H28 A0 B0 C32 D0 S6 (7.5%),H32 A0 B2 C32 D0 S0 (4.4%),H32 A16 B18 C0 D0 S0 (3.9%),H32 A32 B0 C0 D2 S0 (3.8%),H32 A0 B28 C0 D6 S0 (3.7%),H32 A0 B0 C32 D2 S0 (3.6%),H32 A0 B32 C0 D2 S0 (3%),H32 A0 B2 C0 D32 S0 (2.6%),H28 A32 B0 C0 D0 S6 (2.6%),
79,ヌメルゴンH,かえんほうしゃ (66.3%),ラスターカノン (54.8%),りゅうせいぐん (50.9%),れいとうビーム (37.9%),10まんボルト (36.5%),アシッドボム (22.6%),りゅうのはどう (16.8%),たてこもる (15.7%),ヘビーボンバー (15.5%),ボディプレス (14.9%),たべのこし (40.6%),オボンのみ (15.3%),シュカのみ (9.3%),たつじんのおび (6.5%),ふうせん (5.5%),カゴのみ (4.1%),ゴツゴツメット (3.9%),いのちのたま (3.8%),せんせいのツメ (1.9%),ヨプのみ (1.5%),ぬめぬめ (40.2%),そうしょく (33.6%),シェルアーマー (26.2%),ひかえめ (46.3%),おだやか (15.8%),ずぶとい (15.1%),なまいき (13.8%),のんき (3.8%),れいせい (2.5%),わんぱく (1.2%),しんちょう (1%),せっかち (0.3%),ゆうかん (0.1%),H32 A0 B2 C32 D0 S0 (8.5%),H32 A0 B0 C32 D2 S0 (8.1%),H32 A0 B0 C32 D0 S2 (6.4%),H32 A0 B32 C0 D2 S0 (6.4%),H32 A0 B2 C0 D32 S0 (4.3%),H22 A11 B0 C1 D32 S0 (4.2%),H32 A0 B0 C2 D32 S0 (3.1%),H32 A0 B32 C2 D0 S0 (2.9%),H2 A0 B32 C32 D0 S0 (1.8%),H32 A0 B0 C26 D0 S8 (1.6%),
80,ヤミラミ,イカサマ (71.2%),アンコール (68.3%),おにび (59.7%),ひかりのかべ (58%),リフレクター (49.1%),じこさいせい (35%),ちょうはつ (12%),メタルバースト (11.3%),かなしばり (6.4%),まもる (4.2%),ひかりのねんど (49.5%),ヤミラミナイト (16.4%),たべのこし (10.1%),きあいのタスキ (7.1%),オボンのみ (4.9%),ゴツゴツメット (3.3%),だっしゅつボタン (2.3%),ロゼルのみ (2%),こうかくレンズ (1.1%),レッドカード (1.1%),いたずらごころ (99.8%),するどいめ (0.1%),あとだし (0%),ずぶとい (48.4%),わんぱく (23.4%),しんちょう (8.9%),おだやか (7.8%),のんき (4.8%),なまいき (2.6%),のうてんき (2.3%),ゆうかん (0.7%),いじっぱり (0.4%),やんちゃ (0.3%),H32 A0 B32 C0 D2 S0 (44.8%),H32 A0 B2 C0 D32 S0 (6.9%),H32 A0 B25 C0 D9 S0 (5.2%),H32 A0 B7 C0 D27 S0 (4.9%),H32 A0 B15 C0 D19 S0 (3.8%),H32 A0 B18 C0 D16 S0 (3.1%),H32 A0 B9 C0 D25 S0 (2.6%),H32 A0 B17 C0 D17 S0 (2.5%),H32 A0 B26 C0 D8 S0 (2.3%),H32 A0 B32 C0 D0 S0 (2%),
81,バサギリ,がんせきアックス (100%),シザークロス (72.3%),インファイト (64.5%),つじぎり (47.8%),とんぼがえり (30.9%),フェイント (21.6%),でんこうせっか (13.3%),おいかぜ (9.4%),かわらわり (8.6%),カウンター (8.2%),きあいのタスキ (63.8%),こだわりスカーフ (29.5%),いのちのたま (3.4%),ラムのみ (0.5%),こうかくレンズ (0.5%),かたいいし (0.5%),レッドカード (0.5%),イトケのみ (0.2%),オボンのみ (0.2%),せんせいのツメ (0.1%),きれあじ (99.4%),むしのしらせ (0.6%),,いじっぱり (61.3%),ようき (35.5%),せっかち (0.8%),わんぱく (0.7%),しんちょう (0.6%),さみしがり (0.5%),ゆうかん (0.3%),やんちゃ (0.2%),むじゃき (0%),,H2 A32 B0 C0 D0 S32 (69.8%),H0 A32 B0 C0 D2 S32 (6.8%),H0 A32 B2 C0 D0 S32 (4.7%),H0 A32 B0 C0 D0 S32 (2.2%),H1 A32 B1 C0 D0 S32 (1.6%),H0 A32 B1 C0 D1 S32 (1.4%),H32 A32 B0 C0 D2 S0 (1.1%),H0 A28 B18 C0 D0 S20 (1%),H32 A32 B2 C0 D0 S0 (1%),H32 A32 B0 C0 D0 S2 (0.9%),
82,エルレイド,せいなるつるぎ (92.3%),サイコカッター (82%),リーフブレード (74.8%),かげうち (69.2%),トリプルアクセル (20.6%),つじぎり (16.2%),シャドークロー (8.9%),インファイト (5.1%),つるぎのまい (4.2%),がんせきふうじ (3.2%),いのちのたま (34.7%),きあいのタスキ (26.8%),こだわりスカーフ (11.5%),エルレイドナイト (9.8%),ピントレンズ (6.1%),ラムのみ (4.6%),たつじんのおび (2%),ちからのハチマキ (0.8%),オボンのみ (0.4%),せんせいのツメ (0.4%),きれあじ (95.8%),せいぎのこころ (3.4%),ふくつのこころ (0.8%),いじっぱり (74.2%),ようき (22.2%),わんぱく (1.2%),さみしがり (1%),しんちょう (0.7%),ゆうかん (0.5%),おくびょう (0.1%),やんちゃ (0%),,,H2 A32 B0 C0 D0 S32 (29.3%),H32 A25 B9 C0 D0 S0 (20.2%),H0 A32 B2 C0 D0 S32 (11.2%),H32 A32 B2 C0 D0 S0 (3.4%),H0 A32 B0 C0 D2 S32 (2.8%),H32 A32 B0 C0 D0 S2 (2.3%),H32 A15 B6 C0 D4 S9 (1.9%),H31 A32 B0 C0 D0 S3 (1.6%),H32 A25 B8 C0 D0 S1 (1.5%),H27 A11 B0 C0 D0 S28 (1.5%),
83,マリルリ,アクアジェット (89.4%),じゃれつく (88.9%),アクアブレイク (68.5%),はらだいこ (46.8%),ばかぢから (27%),ほろびのうた (11.1%),まもる (10.7%),アンコール (10.6%),はたきおとす (9.2%),うずしお (8.1%),オボンのみ (52.8%),ラムのみ (10.6%),ふうせん (8.6%),いのちのたま (7.4%),しんぴのしずく (5.9%),たべのこし (4.5%),リンドのみ (2.8%),カゴのみ (2%),たつじんのおび (1.2%),きあいのタスキ (0.8%),ちからもち (88.2%),そうしょく (10.9%),あついしぼう (0.9%),いじっぱり (84.3%),のんき (5.5%),わんぱく (3.3%),おだやか (2%),ずぶとい (1%),しんちょう (1%),ゆうかん (1%),なまいき (0.9%),ようき (0.8%),さみしがり (0.1%),H32 A32 B0 C0 D0 S2 (16.2%),H31 A32 B0 C0 D0 S3 (7.1%),H32 A32 B2 C0 D0 S0 (6.6%),H32 A0 B32 C0 D2 S0 (6.1%),H32 A32 B1 C0 D1 S0 (4.7%),H31 A32 B3 C0 D0 S0 (3.7%),H32 A32 B0 C0 D2 S0 (3.3%),H13 A32 B0 C0 D0 S21 (2.4%),H31 A32 B0 C0 D3 S0 (2.2%),H29 A32 B2 C0 D2 S1 (2.1%),
84,ブリムオン,トリックルーム (63.9%),マジカルフレイム (61.2%),ドレインキッス (40.5%),サイコキネシス (37.5%),ミストバースト (34.8%),めいそう (29%),マジカルシャイン (23.7%),いやしのねがい (18.3%),サイコノイズ (15.3%),ギガドレイン (13.2%),きあいのタスキ (29.8%),オボンのみ (25.2%),たべのこし (15.1%),ふうせん (6.9%),おおきなねっこ (3.4%),リリバのみ (3.3%),ひかりのねんど (2.2%),いのちのたま (2.1%),カシブのみ (1.9%),ゴツゴツメット (1.5%),マジックミラー (98.6%),きけんよち (1.1%),いやしのこころ (0.4%),ずぶとい (30.7%),れいせい (25.8%),ひかえめ (19.2%),のんき (11.2%),おだやか (9.1%),なまいき (3.6%),おくびょう (0.2%),ゆうかん (0.1%),おっとり (0%),おとなしい (0%),H32 A0 B2 C32 D0 S0 (14.2%),H32 A0 B32 C0 D2 S0 (13.6%),H32 A0 B0 C32 D2 S0 (8.3%),H31 A0 B3 C32 D0 S0 (3.5%),H32 A0 B32 C2 D0 S0 (3.4%),H31 A0 B32 C0 D3 S0 (3.3%),H32 A0 B2 C0 D32 S0 (3.2%),H31 A0 B32 C3 D0 S0 (1.9%),H32 A0 B25 C7 D0 S2 (1.7%),H29 A0 B2 C30 D5 S0 (1.4%),
85,ストリンダー,オーバードライブ (93%),ばくおんぱ (87.3%),ヘドロウェーブ (45.8%),ほっぺすりすり (42%),ボルトチェンジ (27.5%),サイコノイズ (15.5%),たたりめ (13.8%),ちょうはつ (13.7%),どくどく (11.8%),ヘドロばくだん (9.7%),ふうせん (49.3%),きあいのタスキ (16.5%),こだわりスカーフ (13.2%),たべのこし (6.1%),いのちのたま (5.8%),オボンのみ (5%),ノーマルジュエル (1.1%),せんせいのツメ (0.9%),じしゃく (0.7%),たつじんのおび (0.5%),パンクロック (99.3%),テクニシャン (0.6%),プラス (0%),ひかえめ (76.3%),おくびょう (15.9%),おだやか (4.7%),せっかち (0.5%),ずぶとい (0.5%),いじっぱり (0.4%),ようき (0.4%),うっかりや (0.3%),おっとり (0.2%),しんちょう (0.2%),H2 A0 B0 C32 D0 S32 (17.4%),H1 A0 B1 C32 D0 S32 (9.8%),H32 A0 B2 C32 D0 S0 (4.5%),H32 A0 B0 C32 D2 S0 (3.4%),H32 A0 B0 C32 D0 S2 (3.1%),H1 A0 B9 C24 D0 S32 (2.9%),H1 A0 B0 C32 D1 S32 (2.3%),H0 A0 B0 C32 D2 S32 (2.3%),H0 A0 B2 C32 D0 S32 (2.1%),H29 A0 B0 C32 D5 S0 (1.9%),
86,サーナイト,しんくうは (65%),マジカルフレイム (60.3%),ハイパーボイス (58.6%),ムーンフォース (40.7%),サイコキネシス (29.5%),10まんボルト (23.5%),サイコノイズ (22%),サイコショック (14%),ワイドフォース (12.4%),めいそう (10.2%),サーナイトナイト (64%),きあいのタスキ (20.9%),こだわりスカーフ (8.9%),オボンのみ (1.2%),リリバのみ (0.7%),ラムのみ (0.6%),せんせいのツメ (0.6%),カゴのみ (0.5%),いのちのたま (0.5%),ひかりのこな (0.5%),トレース (92.2%),シンクロ (6.9%),テレパシー (0.9%),ひかえめ (67.6%),おくびょう (21.1%),ずぶとい (8%),おだやか (2.1%),れいせい (0.9%),のんき (0.2%),せっかち (0.1%),,,,H2 A0 B0 C32 D0 S32 (25.3%),H32 A0 B2 C32 D0 S0 (6.9%),H32 A0 B32 C0 D2 S0 (4%),H0 A0 B2 C32 D0 S32 (2.8%),H32 A0 B11 C5 D0 S18 (2.5%),H32 A0 B11 C13 D0 S10 (2.4%),H32 A0 B32 C2 D0 S0 (2.2%),H0 A0 B0 C32 D2 S32 (2.1%),H32 A0 B19 C15 D0 S0 (2.1%),H32 A0 B0 C32 D0 S2 (1.8%),
87,カエンジシ,かえんほうしゃ (96.1%),オーバーヒート (86.8%),あくび (65.1%),まもる (41.2%),ハイパーボイス (27.1%),みがわり (14.7%),ねっさのだいち (12.8%),ニトロチャージ (9.4%),にほんばれ (7.9%),ちょうはつ (7.7%),カエンジシナイト (97.1%),オボンのみ (0.9%),シュカのみ (0.6%),ラムのみ (0.4%),きあいのタスキ (0.3%),ひかりのこな (0.3%),いのちのたま (0.3%),こだわりスカーフ (0.1%),たべのこし (0%),,きんちょうかん (84.8%),じしんかじょう (10.9%),きょうそうしん (4.3%),おくびょう (51.6%),ひかえめ (47%),ずぶとい (0.5%),せっかち (0.4%),れいせい (0.2%),むじゃき (0.1%),いじっぱり (0.1%),ようき (0%),,,H2 A0 B0 C32 D0 S32 (37.5%),H10 A0 B0 C32 D0 S24 (22.5%),H0 A0 B2 C32 D0 S32 (7.1%),H4 A0 B0 C32 D0 S30 (4.4%),H0 A0 B0 C32 D2 S32 (3.9%),H7 A0 B0 C32 D0 S27 (2.6%),H0 A0 B1 C32 D1 S32 (1.8%),H14 A0 B1 C32 D0 S19 (1.6%),H6 A0 B1 C32 D0 S27 (1.2%),H4 A0 B1 C32 D0 S29 (1%),
88,インテレオン,ねらいうち (95.1%),れいとうビーム (89.3%),きあいだめ (51%),しんくうは (49.9%),あくのはどう (24.4%),エアカッター (14.1%),アクアジェット (12.6%),シャドーボール (10.2%),エアスラッシュ (8.7%),クイックターン (7.4%),ピントレンズ (45.2%),きあいのタスキ (39.8%),こだわりスカーフ (4.1%),いのちのたま (3.7%),しんぴのしずく (1.9%),ラムのみ (1.2%),ものしりメガネ (1%),たつじんのおび (0.8%),メトロノーム (0.6%),フォーカスレンズ (0.4%),スナイパー (92.2%),げきりゅう (7.8%),,おくびょう (67.3%),ひかえめ (24.3%),むじゃき (3.9%),おっとり (2.5%),せっかち (1.9%),ようき (0%),れいせい (0%),うっかりや (0%),,,H2 A0 B0 C32 D0 S32 (79%),H0 A0 B2 C32 D0 S32 (7.1%),H0 A0 B0 C32 D2 S32 (3.3%),H0 A0 B0 C32 D0 S32 (1.8%),H0 A0 B1 C32 D1 S32 (1.7%),H4 A0 B0 C32 D0 S30 (1.2%),H1 A0 B0 C32 D1 S32 (1.1%),H0 A2 B0 C32 D0 S32 (0.8%),H32 A0 B0 C2 D0 S32 (0.7%),H30 A0 B4 C0 D0 S32 (0.4%),
89,ユキメノコ,ふぶき (94.9%),シャドーボール (80.4%),10まんボルト (54.8%),オーロラベール (48.8%),みちづれ (26%),こおりのつぶて (23.2%),おにび (15.6%),わるだくみ (12.7%),ちょうはつ (10.1%),たたりめ (7.7%),ユキメノコナイト (95.4%),こだわりスカーフ (1.4%),きあいのタスキ (0.9%),オッカのみ (0.1%),リリバのみ (0.1%),オボンのみ (0.1%),せんせいのツメ (0%),,,,のろわれボディ (83.2%),ゆきがくれ (16.8%),,おくびょう (61.4%),ひかえめ (34.3%),おっとり (1.4%),むじゃき (1.2%),ずぶとい (0.6%),ようき (0.6%),いじっぱり (0.3%),せっかち (0.1%),なまいき (0%),れいせい (0%),H2 A0 B0 C32 D0 S32 (37.4%),H32 A0 B15 C10 D9 S0 (8.3%),H0 A0 B2 C32 D0 S32 (7.9%),H14 A0 B0 C20 D0 S32 (5.8%),H32 A0 B13 C13 D4 S4 (2.8%),H0 A0 B1 C32 D1 S32 (2.4%),H32 A0 B5 C6 D0 S23 (1.7%),H30 A0 B0 C20 D0 S16 (1.7%),H2 A0 B0 C32 D32 S0 (1.4%),H32 A0 B0 C2 D0 S32 (1.2%),
90,ガオガエン,すてゼリフ (87.3%),フレアドライブ (79.3%),DDラリアット (72.4%),おにび (48.7%),ねこだまし (34.6%),ちょうはつ (18.6%),ドレインパンチ (6%),つるぎのまい (5.4%),じごくづき (5.2%),かみなりパンチ (4.6%),オボンのみ (45.2%),たべのこし (21%),ゴツゴツメット (17.1%),カゴのみ (3.2%),ふうせん (2.7%),こだわりスカーフ (2.1%),ヨプのみ (1.8%),シュカのみ (1.3%),レッドカード (0.9%),いのちのたま (0.8%),いかく (99%),もうか (1%),,いじっぱり (28.7%),わんぱく (27.9%),しんちょう (19.4%),のんき (14%),なまいき (3.4%),ようき (2.7%),ゆうかん (1.7%),おだやか (0.6%),ずぶとい (0.6%),れいせい (0.3%),H32 A0 B32 C0 D2 S0 (12.9%),H31 A0 B32 C0 D3 S0 (5.2%),H32 A0 B2 C0 D32 S0 (4.2%),H32 A32 B2 C0 D0 S0 (3.2%),H32 A32 B0 C0 D2 S0 (2.7%),H32 A0 B32 C0 D0 S2 (2.2%),H32 A2 B32 C0 D0 S0 (2.2%),H32 A0 B14 C0 D20 S0 (2.1%),H32 A0 B30 C0 D4 S0 (2.1%),H31 A0 B20 C0 D15 S0 (1.9%),
91,ペンドラー,つるぎのまい (66.4%),じしん (63.4%),きゅうけつ (53.9%),バトンタッチ (43.7%),どくづき (39.2%),まもる (34.4%),てっぺき (33.6%),みがわり (21.6%),ダストシュート (18.7%),いわなだれ (8.7%),ペンドラナイト (39.4%),きあいのタスキ (17.4%),オボンのみ (12.8%),メンタルハーブ (10%),たべのこし (6.3%),ラムのみ (4.4%),いのちのたま (4.1%),レッドカード (1.3%),ひかりのこな (0.8%),ぎんのこな (0.6%),かそく (98.5%),どくのとげ (1.5%),,いじっぱり (51.4%),ようき (23.4%),わんぱく (11.8%),しんちょう (8.4%),ずぶとい (3%),おくびょう (1.1%),おだやか (0.5%),むじゃき (0.2%),なまいき (0.1%),のんき (0.1%),H24 A20 B0 C0 D0 S22 (13.2%),H2 A32 B0 C0 D0 S32 (7.9%),H14 A20 B0 C0 D0 S32 (5.1%),H0 A32 B0 C0 D2 S32 (3.5%),H32 A0 B0 C0 D2 S32 (3%),H30 A0 B25 C0 D11 S0 (2.7%),H32 A2 B0 C0 D0 S32 (2.5%),H32 A0 B32 C0 D0 S2 (2.3%),H32 A0 B32 C0 D2 S0 (2.2%),H26 A20 B9 C0 D0 S11 (2.1%),
92,シャワーズ,ねがいごと (80.7%),クイックターン (63.7%),まもる (61.6%),あくび (54.2%),ねっとう (44.8%),れいとうビーム (31.1%),めいそう (13.2%),とける (10.4%),バトンタッチ (7.9%),なみのり (7.1%),たべのこし (80.5%),オボンのみ (7.9%),しんぴのしずく (4.3%),とけないこおり (1.5%),ゴツゴツメット (1.4%),カゴのみ (1.3%),メンタルハーブ (1%),ラムのみ (0.7%),しめったいわ (0.4%),リンドのみ (0.3%),ちょすい (98.7%),うるおいボディ (1.3%),,のんき (44.1%),ずぶとい (28.1%),おだやか (10.5%),ひかえめ (5.8%),なまいき (4.7%),わんぱく (4%),れいせい (1.3%),しんちょう (1.1%),おとなしい (0.2%),いじっぱり (0.1%),H32 A0 B32 C0 D2 S0 (50.6%),H32 A0 B30 C0 D4 S0 (6.6%),H32 A0 B2 C0 D32 S0 (4.9%),H32 A0 B32 C2 D0 S0 (4.6%),H32 A0 B2 C32 D0 S0 (4.6%),H32 A0 B32 C0 D0 S2 (2.1%),H32 A0 B20 C0 D14 S0 (1.9%),H32 A0 B29 C0 D5 S0 (1.6%),H32 A0 B0 C2 D32 S0 (1.6%),H32 A0 B32 C0 D0 S0 (1.5%),
93,ガルーラ,れいとうパンチ (74.4%),じしん (59.1%),ふいうち (58.3%),ねこだまし (46.2%),ほのおのパンチ (40.8%),のしかかり (36.8%),すてみタックル (28.7%),ドレインパンチ (7.7%),かみなりパンチ (6.4%),とっておき (6%),ガルーラナイト (92.1%),シルクのスカーフ (4.2%),きあいのタスキ (0.7%),カゴのみ (0.5%),ヨプのみ (0.5%),いのちのたま (0.3%),メトロノーム (0.3%),ゴツゴツメット (0.2%),レッドカード (0.2%),ひかりのこな (0.1%),きもったま (91.2%),せいしんりょく (5.6%),はやおき (3.3%),いじっぱり (90.5%),ようき (4.1%),ひかえめ (2.4%),わんぱく (2%),さみしがり (0.6%),ゆうかん (0.3%),しんちょう (0.1%),,,,H2 A32 B0 C0 D0 S32 (15%),H27 A32 B0 C0 D0 S7 (7.8%),H1 A32 B1 C0 D0 S32 (7.2%),H27 A32 B4 C0 D3 S0 (6%),H32 A32 B0 C0 D0 S2 (5.7%),H31 A32 B0 C0 D0 S3 (4.7%),H27 A32 B1 C0 D1 S5 (3.8%),H32 A32 B2 C0 D0 S0 (3.7%),H1 A32 B0 C0 D1 S32 (2.7%),H27 A25 B7 C0 D0 S7 (2.6%),
94,ミミズズ,しっぽきり (85.8%),ボディプレス (82.7%),ステルスロック (60.2%),ヘビーボンバー (52.5%),てっぺき (46.7%),メタルバースト (33.3%),がんせきふうじ (8.4%),アイアンヘッド (7.3%),じしん (6.1%),ねむる (5%),オボンのみ (79.6%),たべのこし (12%),ゴツゴツメット (4.4%),きあいのタスキ (1.8%),カゴのみ (0.8%),メンタルハーブ (0.5%),オッカのみ (0.3%),ラムのみ (0.3%),こだわりスカーフ (0.2%),ひかりのこな (0%),どしょく (99.6%),すなかくれ (0.4%),,わんぱく (48.7%),のんき (28.1%),しんちょう (9.9%),なまいき (8.2%),ずぶとい (2.2%),おだやか (1.4%),いじっぱり (0.9%),ようき (0.3%),のうてんき (0.2%),ゆうかん (0.1%),H32 A0 B32 C0 D2 S0 (24.9%),H32 A0 B2 C0 D32 S0 (14.6%),H32 A0 B25 C0 D0 S9 (9.3%),H32 A0 B32 C0 D0 S2 (6.3%),H31 A0 B3 C0 D32 S0 (4.8%),H31 A0 B32 C0 D3 S0 (4.7%),H31 A0 B15 C0 D20 S0 (3.2%),H32 A2 B32 C0 D0 S0 (2.6%),H32 A0 B32 C0 D0 S0 (2.4%),H32 A0 B5 C0 D29 S0 (2.2%),
95,ストリンダー(ロー),オーバードライブ (92.7%),ばくおんぱ (82%),ヘドロウェーブ (42.3%),ほっぺすりすり (31.7%),ボルトチェンジ (30.3%),サイコノイズ (21.5%),ヘドロばくだん (17.9%),ちょうはつ (14.4%),どくびし (14.4%),アンコール (12%),ふうせん (46.9%),こだわりスカーフ (16.5%),きあいのタスキ (15.3%),いのちのたま (6.4%),たべのこし (5.8%),オボンのみ (3.2%),ノーマルジュエル (2.1%),おうじゃのしるし (0.9%),ものしりメガネ (0.5%),じしゃく (0.4%),パンクロック (98.3%),テクニシャン (0.8%),マイナス (0.8%),ひかえめ (71.2%),おくびょう (16.2%),おだやか (8.6%),うっかりや (1.2%),のんき (0.7%),ずぶとい (0.7%),おっとり (0.6%),ようき (0.4%),わんぱく (0.3%),なまいき (0.1%),H2 A0 B0 C32 D0 S32 (20.8%),H1 A0 B1 C32 D0 S32 (9.9%),H32 A0 B0 C32 D0 S2 (6.5%),H0 A0 B2 C32 D0 S32 (4.4%),H1 A0 B0 C32 D1 S32 (3.5%),H32 A0 B2 C32 D0 S0 (3%),H32 A0 B0 C32 D2 S0 (2.3%),H25 A0 B0 C32 D0 S9 (2.2%),H0 A0 B0 C32 D2 S32 (2%),H31 A0 B0 C32 D0 S3 (2%),
96,ヤドラン,なまける (83.2%),ねっとう (81.7%),てっぺき (55.9%),れいとうビーム (54%),ボディプレス (34.9%),かえんほうしゃ (14%),めいそう (12.7%),トリックルーム (12%),あくび (9%),ドわすれ (5.7%),ヤドランナイト (67.3%),ゴツゴツメット (15.9%),たべのこし (4.8%),オボンのみ (4.1%),たつじんのおび (1.5%),リンドのみ (1.1%),いのちのたま (0.6%),だっしゅつボタン (0.6%),カシブのみ (0.4%),ひかりのこな (0.4%),さいせいりょく (93.4%),どんかん (5.8%),マイペース (0.8%),ずぶとい (71.7%),おだやか (10.2%),ひかえめ (7%),のんき (5.1%),れいせい (4%),なまいき (1.4%),わんぱく (0.6%),しんちょう (0%),,,H32 A0 B32 C0 D2 S0 (30.2%),H32 A0 B32 C2 D0 S0 (10.2%),H31 A0 B32 C0 D3 S0 (6.9%),H32 A0 B2 C0 D32 S0 (4%),H31 A0 B30 C0 D5 S0 (3.8%),H31 A0 B3 C0 D32 S0 (3%),H31 A0 B32 C3 D0 S0 (2.9%),H31 A0 B32 C1 D2 S0 (2%),H32 A0 B32 C0 D0 S0 (1.9%),H31 A0 B3 C32 D0 S0 (1.9%),
97,ウインディH,フレアドライブ (96.3%),もろはのずつき (88.7%),しんそく (67.9%),ワイルドボルト (47.5%),インファイト (29.4%),ステルスロック (20.4%),おにび (10.6%),げきりん (5.7%),サイコファング (4.4%),あさのひざし (4%),きあいのタスキ (49.4%),こだわりスカーフ (26.4%),いのちのたま (8.9%),オボンのみ (4.1%),ふうせん (2.9%),たべのこし (2.7%),せんせいのツメ (0.6%),もくたん (0.6%),ちからのハチマキ (0.6%),こうかくレンズ (0.4%),いしあたま (85.2%),いかく (9.1%),もらいび (5.7%),いじっぱり (60.4%),ようき (27.6%),しんちょう (3.6%),ゆうかん (2.6%),ひかえめ (1.5%),やんちゃ (1.4%),わんぱく (1.4%),おくびょう (0.7%),のうてんき (0.5%),むじゃき (0.2%),H2 A32 B0 C0 D0 S32 (43.4%),H1 A32 B1 C0 D0 S32 (18.5%),H0 A32 B2 C0 D0 S32 (5%),H1 A32 B0 C0 D1 S32 (4.4%),H2 A32 B32 C0 D0 S0 (2.4%),H0 A32 B0 C0 D0 S32 (2.3%),H32 A2 B0 C0 D32 S0 (2.2%),H0 A32 B0 C0 D2 S32 (2.1%),H2 A0 B0 C32 D0 S32 (1.2%),H7 A32 B0 C0 D0 S27 (1.2%),
98,ドラミドロ,りゅうせいぐん (90.6%),クイックターン (89.5%),どくどく (51.4%),ヘドロばくだん (31.7%),ヘドロウェーブ (31.1%),どくびし (27.2%),10まんボルト (25.6%),ねっとう (10.1%),シャドーボール (8.5%),まもる (6.3%),ドラミドナイト (93.3%),たべのこし (1.6%),いのちのたま (1.5%),オボンのみ (1%),たつじんのおび (0.9%),ふうせん (0.8%),しろいハーブ (0.4%),カゴのみ (0.3%),ゴツゴツメット (0.1%),サイコシード (0.1%),てきおうりょく (60.7%),どくのとげ (34.4%),どくしゅ (4.9%),なまいき (47.1%),おだやか (23.7%),ひかえめ (13.6%),れいせい (6.4%),ずぶとい (4.9%),のんき (3.8%),しんちょう (0.3%),おとなしい (0.1%),わんぱく (0.1%),,H32 A0 B2 C0 D32 S0 (20.5%),H32 A0 B0 C2 D32 S0 (8.3%),H31 A0 B3 C0 D32 S0 (6.3%),H32 A0 B0 C32 D2 S0 (5.1%),H32 A0 B2 C32 D0 S0 (4.4%),H31 A0 B0 C3 D32 S0 (4.4%),H32 A0 B17 C0 D17 S0 (3.6%),H31 A0 B8 C9 D18 S0 (2.9%),H32 A0 B32 C0 D2 S0 (2.6%),H31 A0 B3 C32 D0 S0 (1.9%),
99,シャンデラ,シャドーボール (89.2%),かえんほうしゃ (71.8%),エナジーボール (57.5%),オーバーヒート (42.7%),トリック (19.8%),サイコキネシス (14.8%),ちいさくなる (14.2%),みがわり (13.4%),トリックルーム (12.7%),おにび (12.6%),こだわりスカーフ (34.5%),シャンデラナイト (20.9%),きあいのタスキ (20.6%),ふうせん (6%),たべのこし (4.9%),かいがらのすず (1.9%),ひかりのこな (1.7%),ナモのみ (1.6%),オボンのみ (1.4%),のろいのおふだ (1.4%),もらいび (74.9%),すりぬけ (20.7%),ほのおのからだ (4.4%),ひかえめ (48.9%),おくびょう (38%),ずぶとい (5%),れいせい (4.4%),のんき (2.4%),おだやか (0.7%),おっとり (0.4%),むじゃき (0.3%),,,H2 A0 B0 C32 D0 S32 (47.8%),H32 A0 B1 C32 D1 S0 (3.9%),H32 A0 B0 C32 D0 S2 (3.7%),H0 A0 B1 C32 D1 S32 (3.6%),H32 A0 B2 C32 D0 S0 (2.5%),H0 A0 B0 C32 D2 S32 (2.4%),H32 A0 B0 C32 D2 S0 (2.2%),H32 A0 B32 C0 D0 S2 (2%),H32 A0 B0 C2 D0 S32 (1.8%),H32 A0 B11 C0 D23 S0 (1.7%),
100,デカヌチャン,デカハンマー (85.3%),アンコール (80.6%),ステルスロック (77.6%),でんじは (34.4%),はたきおとす (29.5%),じゃれつく (26%),アイスハンマー (13.6%),がんせきふうじ (9.9%),じならし (9.8%),つるぎのまい (6.8%),ふうせん (68.2%),きあいのタスキ (10.2%),オボンのみ (6.3%),シュカのみ (2.7%),いのちのたま (2.2%),たつじんのおび (1.8%),レッドカード (1.8%),メタルコート (1.7%),たべのこし (1.5%),ゴツゴツメット (1.3%),かたやぶり (90.3%),マイペース (7.4%),わるいてぐせ (2.3%),ようき (50.7%),いじっぱり (25.8%),しんちょう (13.2%),わんぱく (7.3%),おだやか (0.8%),むじゃき (0.6%),ずぶとい (0.4%),さみしがり (0.4%),なまいき (0.3%),おくびょう (0.3%),H2 A32 B0 C0 D0 S32 (11.8%),H1 A32 B1 C0 D0 S32 (7.3%),H31 A32 B3 C0 D0 S0 (4.9%),H31 A0 B8 C0 D0 S27 (3.3%),H31 A0 B3 C0 D0 S32 (3.1%),H32 A2 B0 C0 D0 S32 (2.9%),H32 A32 B0 C0 D2 S0 (2.3%),H31 A0 B32 C0 D3 S0 (2.2%),H32 A32 B2 C0 D0 S0 (2.2%),H0 A32 B2 C0 D0 S32 (2.1%),
101,オリーヴァ,ちからをすいとる (70.9%),ギガドレイン (67.9%),やどりぎのタネ (60%),だいちのちから (54.3%),ミラーコート (39.5%),アンコール (19.4%),みわくのボイス (18.5%),まもる (13.2%),エナジーボール (10.6%),ハイパーボイス (8.1%),オボンのみ (29.5%),たべのこし (26%),グラスシード (11%),きあいのタスキ (6.8%),おおきなねっこ (5.9%),ゴツゴツメット (4.5%),グランドコート (2.8%),だっしゅつボタン (2.1%),ラムのみ (1.9%),オッカのみ (1.8%),こぼれダネ (77.9%),しゅうかく (22.1%),,おだやか (40.9%),ひかえめ (27.1%),ずぶとい (26.5%),のんき (2.1%),なまいき (1.9%),れいせい (1%),しんちょう (0.4%),おくびょう (0%),おっとり (0%),,H32 A0 B2 C0 D32 S0 (20.2%),H32 A0 B32 C0 D2 S0 (15.7%),H32 A0 B2 C32 D0 S0 (7.2%),H32 A0 B0 C2 D32 S0 (4%),H32 A0 B10 C0 D24 S0 (3.8%),H32 A0 B0 C32 D2 S0 (3.1%),H32 A0 B32 C2 D0 S0 (2.4%),H32 A0 B3 C0 D31 S0 (2.3%),H32 A0 B13 C0 D21 S0 (2.2%),H32 A0 B32 C0 D0 S2 (1.8%),
102,ヤドキング,さむいギャグ (97.6%),ねっとう (87.6%),あくび (77.5%),なまける (60%),れいとうビーム (16.3%),トリックルーム (9%),かえんほうしゃ (8.1%),サイコキネシス (6.6%),なみのり (5.8%),だいもんじ (5.1%),たべのこし (56.6%),オボンのみ (25.6%),ゴツゴツメット (8.6%),きあいのタスキ (1.8%),ひかりのねんど (1.4%),メンタルハーブ (1.2%),カシブのみ (1.1%),つめたいいわ (0.7%),ひかりのこな (0.4%),だっしゅつボタン (0.4%),さいせいりょく (98.7%),マイペース (0.8%),どんかん (0.5%),おだやか (42.2%),なまいき (23.8%),のんき (14.3%),ずぶとい (13.4%),わんぱく (2%),れいせい (1.9%),ひかえめ (1.8%),おくびょう (0.4%),ゆうかん (0.2%),しんちょう (0%),H31 A0 B25 C0 D10 S0 (26.7%),H32 A0 B32 C0 D2 S0 (15.5%),H32 A0 B2 C0 D32 S0 (8.6%),H31 A0 B32 C0 D3 S0 (6.2%),H31 A0 B3 C0 D32 S0 (3.9%),H31 A0 B3 C32 D0 S0 (3.1%),H31 A0 B15 C0 D20 S0 (3.1%),H32 A0 B32 C2 D0 S0 (2.2%),H32 A0 B14 C0 D20 S0 (1.9%),H31 A0 B32 C3 D0 S0 (1.4%),
103,ドデカバシ,くちばしキャノン (100%),タネマシンガン (81.7%),ロックブラスト (74%),アンコール (56.4%),はねやすめ (32.1%),とんぼがえり (17.6%),はたきおとす (10.2%),やけっぱち (5.9%),みがわり (4.2%),かわらわり (2.3%),オボンのみ (41.3%),きあいのタスキ (9.4%),いのちのたま (9.1%),ゴツゴツメット (7.9%),ラムのみ (7.4%),たべのこし (6.7%),するどいくちばし (5.7%),おうじゃのしるし (4.4%),せんせいのツメ (3.8%),レッドカード (1.3%),スキルリンク (92.8%),するどいめ (5%),ちからずく (2.2%),いじっぱり (70.9%),わんぱく (18.7%),ゆうかん (4.2%),しんちょう (2.7%),ようき (1.8%),のんき (0.7%),なまいき (0.5%),やんちゃ (0.2%),ずぶとい (0.1%),さみしがり (0%),H32 A6 B25 C0 D0 S3 (9.2%),H32 A32 B0 C0 D0 S2 (8.6%),H32 A32 B0 C0 D2 S0 (6.9%),H32 A2 B32 C0 D0 S0 (6%),H32 A0 B32 C0 D2 S0 (3.8%),H20 A32 B0 C0 D0 S14 (3.6%),H32 A32 B2 C0 D0 S0 (3.1%),H14 A30 B17 C0 D5 S0 (2.2%),H32 A32 B1 C0 D1 S0 (2.2%),H2 A32 B0 C0 D0 S32 (2.1%),
104,ケンタロスP炎,インファイト (91.8%),レイジングブル (80.8%),ワイルドボルト (48.7%),じしん (41.1%),フレアドライブ (40.4%),ストーンエッジ (37.4%),おにび (15.8%),がんせきふうじ (9.6%),ニトロチャージ (7.1%),ボディプレス (5.9%),こだわりスカーフ (25.6%),ゴツゴツメット (16.3%),いのちのたま (12.6%),オボンのみ (11%),たつじんのおび (10.5%),もくたん (5.8%),きあいのタスキ (5.4%),たべのこし (3.4%),くろおび (3%),ふうせん (1.9%),いかく (97.8%),いかりのつぼ (2.2%),,いじっぱり (80.2%),ようき (10.8%),わんぱく (8.9%),しんちょう (0%),,,,,,,H2 A32 B0 C0 D0 S32 (24.2%),H31 A32 B3 C0 D0 S0 (14.2%),H1 A32 B1 C0 D0 S32 (11.8%),H32 A32 B2 C0 D0 S0 (9.4%),H32 A32 B0 C0 D0 S2 (4.2%),H29 A32 B5 C0 D0 S0 (3.7%),H0 A32 B2 C0 D0 S32 (3%),H1 A32 B0 C0 D1 S32 (2.7%),H32 A32 B0 C0 D2 S0 (2%),H31 A0 B32 C0 D3 S0 (1.9%),
105,イダイトウ♀,シャドーボール (94%),れいとうビーム (87.1%),なみのり (69.5%),アクアジェット (67.9%),クイックターン (26.8%),ハイドロポンプ (26.2%),おはかまいり (6.7%),ウェーブタックル (4.9%),こうそくいどう (3.4%),あまごい (2.6%),いのちのたま (37%),しんぴのしずく (14.4%),きあいのタスキ (13.3%),こだわりスカーフ (13.1%),オボンのみ (5.3%),のろいのおふだ (4.8%),たつじんのおび (4.3%),ゴツゴツメット (2.5%),ラムのみ (2.4%),カシブのみ (1.2%),てきおうりょく (86.7%),すいすい (12.9%),かたやぶり (0.4%),ひかえめ (70%),おくびょう (9.6%),れいせい (5.6%),うっかりや (4.8%),いじっぱり (3.2%),のんき (2.2%),ようき (1.7%),おっとり (1.3%),むじゃき (1%),ずぶとい (0.5%),H2 A0 B0 C32 D0 S32 (16.8%),H0 A0 B2 C32 D0 S32 (12.1%),H20 A0 B2 C32 D1 S11 (7.5%),H0 A2 B0 C32 D0 S32 (4.4%),H2 A0 B32 C32 D0 S0 (4.4%),H32 A0 B2 C32 D0 S0 (3.2%),H12 A0 B13 C32 D0 S9 (3.1%),H2 A32 B0 C0 D0 S32 (2.9%),H32 A0 B0 C32 D2 S0 (2.8%),H0 A0 B1 C32 D1 S32 (2.8%),
106,ジャローダ,リーフストーム (99.2%),へびにらみ (62.4%),ちょうはつ (47.7%),りゅうのはどう (41.5%),やどりぎのタネ (32.1%),みがわり (22.3%),リフレクター (17.9%),ミラーコート (17.8%),こうごうせい (16.4%),ひかりのかべ (15.3%),きあいのタスキ (28.1%),たべのこし (23.2%),ひかりのねんど (11.3%),オボンのみ (7.9%),ゴツゴツメット (6.7%),こうかくレンズ (3.9%),きせきのタネ (2.9%),こだわりスカーフ (2.3%),おおきなねっこ (1.7%),ヤチェのみ (1.6%),あまのじゃく (99.7%),しんりょく (0.3%),,おくびょう (79.5%),ずぶとい (10.4%),ひかえめ (7.2%),おだやか (2.9%),,,,,,,H2 A0 B0 C32 D0 S32 (23.6%),H1 A0 B1 C32 D0 S32 (9.9%),H32 A0 B0 C2 D0 S32 (5.9%),H1 A0 B0 C32 D1 S32 (3.5%),H27 A0 B32 C0 D0 S7 (3.2%),H32 A0 B0 C0 D2 S32 (2.4%),H27 A0 B17 C0 D0 S22 (2%),H32 A0 B0 C0 D0 S32 (1.8%),H27 A0 B3 C0 D4 S32 (1.8%),H31 A0 B0 C3 D0 S32 (1.7%),
107,イエッサン(メス),マジカルフレイム (67.1%),いやしのねがい (58.9%),トリックルーム (50.6%),サイコキネシス (49.9%),だいちのはどう (30.8%),リフレクター (18.2%),みわくのボイス (16.4%),ひかりのかべ (14.4%),バトンタッチ (14.1%),トリック (9.4%),グランドコート (40.1%),サイコシード (13.3%),こだわりスカーフ (9.8%),きあいのタスキ (9.4%),オボンのみ (7%),ひかりのねんど (3.8%),だっしゅつボタン (3.7%),タンガのみ (2.6%),ナモのみ (2.4%),レッドカード (1.7%),サイコメイカー (99.6%),マイペース (0.3%),シンクロ (0.1%),ずぶとい (34.1%),ひかえめ (23%),のんき (16.4%),れいせい (14.7%),おくびょう (6.4%),おだやか (3.4%),わんぱく (1.3%),なまいき (0.6%),おとなしい (0.1%),うっかりや (0%),H32 A0 B32 C0 D2 S0 (33.3%),H2 A0 B0 C32 D0 S32 (8.7%),H32 A0 B2 C32 D0 S0 (7.7%),H30 A0 B11 C25 D0 S0 (6%),H32 A0 B32 C2 D0 S0 (5%),H2 A0 B0 C32 D32 S0 (3.3%),H32 A0 B32 C0 D1 S0 (2.9%),H32 A0 B0 C32 D2 S0 (2.6%),H0 A0 B0 C32 D2 S32 (2.1%),H32 A0 B19 C15 D0 S0 (2.1%),
108,ホルード,じしん (99.5%),でんこうせっか (87.5%),れいとうパンチ (83.5%),かみなりパンチ (43.5%),ほのおのパンチ (19.4%),がんせきふうじ (8.3%),つるぎのまい (8.2%),とんぼがえり (7.3%),じばく (7%),いわなだれ (6%),きあいのタスキ (80.3%),こだわりスカーフ (10.5%),いのちのたま (2.3%),やわらかいすな (2%),ヨプのみ (1.7%),オボンのみ (0.8%),ラムのみ (0.8%),ゴツゴツメット (0.8%),くろおび (0.4%),ノーマルジュエル (0.1%),ちからもち (99.8%),ものひろい (0.1%),ほおぶくろ (0.1%),いじっぱり (86.8%),ようき (12.6%),さみしがり (0.3%),やんちゃ (0.2%),しんちょう (0.1%),ゆうかん (0.1%),,,,,H2 A32 B0 C0 D0 S32 (37.5%),H1 A32 B1 C0 D0 S32 (26.4%),H1 A32 B0 C0 D1 S32 (7.6%),H0 A32 B2 C0 D0 S32 (5.8%),H31 A32 B0 C0 D0 S3 (2.5%),H32 A32 B0 C0 D0 S2 (2.3%),H0 A32 B0 C0 D0 S32 (2.1%),H0 A32 B1 C0 D1 S32 (2.1%),H0 A32 B0 C0 D2 S32 (1.2%),H32 A32 B2 C0 D0 S0 (1.2%),
109,バチンウニ,おきみやげ (85.4%),ライジングボルト (66.9%),まきびし (51.1%),どくびし (47.2%),ねっとう (34.9%),ふいうち (29.4%),10まんボルト (15%),でんじは (11.5%),いたみわけ (11.4%),じばく (10.4%),グランドコート (68.1%),エレキシード (9.5%),きあいのタスキ (6.8%),ふうせん (5%),じしゃく (2.2%),オボンのみ (1.8%),いのちのたま (1.7%),メンタルハーブ (1.4%),ゴツゴツメット (0.9%),シュカのみ (0.8%),エレキメイカー (99.5%),ひらいしん (0.5%),,ずぶとい (38.7%),のんき (17.9%),れいせい (14.7%),ひかえめ (8.9%),おだやか (6.2%),わんぱく (5.8%),なまいき (4.7%),ゆうかん (0.9%),しんちょう (0.9%),おくびょう (0.6%),H32 A0 B32 C0 D2 S0 (38%),H32 A0 B2 C32 D0 S0 (6.8%),H32 A0 B0 C32 D2 S0 (6%),H32 A0 B15 C0 D19 S0 (5.6%),H32 A0 B2 C0 D32 S0 (5%),H32 A0 B32 C0 D0 S0 (4.4%),H32 A0 B25 C0 D9 S0 (3.2%),H32 A0 B26 C0 D8 S0 (3.1%),H32 A0 B27 C0 D7 S0 (2.9%),H32 A0 B19 C0 D15 S0 (2.6%),
110,ハリーマン,じごくづき (53.9%),どくばりセンボン (52%),ちいさくなる (44.1%),かみくだく (38.9%),みがわり (37.7%),つるぎのまい (32.4%),どくびし (31.7%),どくどく (22.9%),まもる (14.5%),ちょうはつ (12.7%),たべのこし (60%),オボンのみ (12.5%),ふうせん (7.8%),ゴツゴツメット (5.2%),レッドカード (3.4%),シュカのみ (3.1%),ひかりのこな (2.3%),いのちのたま (1.7%),きあいのタスキ (1.4%),ちからのハチマキ (0.7%),いかく (92.1%),すいすい (7.1%),どくのとげ (0.8%),ようき (35%),しんちょう (24.2%),わんぱく (22.7%),いじっぱり (14.5%),おくびょう (1%),ずぶとい (1%),れいせい (0.4%),ゆうかん (0.4%),おだやか (0.3%),やんちゃ (0.3%),H17 A0 B17 C0 D0 S32 (11.3%),H32 A0 B32 C0 D2 S0 (7.1%),H32 A0 B2 C0 D32 S0 (6%),H32 A0 B2 C0 D0 S32 (4.5%),H31 A0 B32 C0 D3 S0 (3.6%),H1 A32 B1 C0 D0 S32 (3.5%),H31 A0 B3 C0 D32 S0 (3.5%),H1 A32 B0 C0 D1 S32 (3.2%),H31 A0 B25 C0 D10 S0 (2.7%),H24 A17 B0 C0 D25 S0 (2.4%),
111,コータス,ステルスロック (87.4%),あくび (83.6%),じばく (49.5%),オーバーヒート (40.7%),かえんほうしゃ (18.1%),ソーラービーム (14.9%),おにび (14.7%),ふんえん (11.9%),ふんか (8.2%),ウェザーボール (7.2%),あついいわ (62.5%),オボンのみ (9.1%),たべのこし (6.4%),もくたん (4.3%),だっしゅつボタン (4.2%),ふうせん (3.8%),レッドカード (2.1%),ラムのみ (1.5%),シュカのみ (1.5%),しろいハーブ (1.1%),ひでり (97.1%),シェルアーマー (2.1%),しろいけむり (0.8%),なまいき (26.1%),のんき (21%),ずぶとい (20.4%),れいせい (12%),おだやか (10.4%),ひかえめ (3.1%),しんちょう (2.5%),わんぱく (1.9%),おくびょう (1%),まじめ (0.7%),H32 A0 B4 C0 D30 S0 (18.7%),H32 A0 B32 C0 D2 S0 (16%),H32 A0 B2 C0 D32 S0 (15.8%),H32 A0 B32 C2 D0 S0 (5.9%),H32 A0 B0 C32 D2 S0 (3.4%),H32 A0 B2 C32 D0 S0 (3.2%),H30 A0 B10 C0 D26 S0 (1.9%),H32 A0 B7 C5 D22 S0 (1.9%),H30 A0 B4 C0 D32 S0 (1.8%),H32 A0 B21 C0 D13 S0 (1.8%),
112,ビビヨン,ねむりごな (100%),ちょうのまい (99%),ぼうふう (98%),みがわり (89%),むしのさざめき (5.8%),エナジーボール (2.3%),いかりのこな (1.1%),ドレインキッス (1%),かふんだんご (1%),まもる (0.9%),たべのこし (83.2%),きあいのタスキ (11.8%),ひかりのこな (1.8%),オボンのみ (1.1%),こうかくレンズ (0.8%),ラムのみ (0.4%),せんせいのツメ (0.3%),するどいくちばし (0.2%),いのちのたま (0.1%),メンタルハーブ (0.1%),ふくがん (99.6%),りんぷん (0.3%),フレンドガード (0.1%),おくびょう (97.4%),ひかえめ (1.3%),ようき (0.8%),おとなしい (0.3%),せっかち (0.2%),れいせい (0%),,,,,H2 A0 B0 C32 D0 S32 (36.5%),H6 A0 B0 C28 D0 S32 (20.5%),H6 A0 B28 C0 D0 S32 (12.5%),H0 A0 B2 C32 D0 S32 (3.9%),H18 A0 B0 C16 D0 S32 (3.9%),H0 A0 B0 C32 D2 S32 (2.6%),H32 A0 B0 C2 D0 S32 (2.3%),H7 A0 B0 C27 D0 S32 (2.1%),H6 A0 B10 C18 D0 S32 (1.8%),H32 A0 B0 C0 D2 S32 (1.5%),
113,ポットデス,からをやぶる (99.2%),シャドーボール (75.2%),バトンタッチ (73.2%),ちからをすいとる (65.8%),アシストパワー (58%),ギガドレイン (9.9%),みがわり (6.5%),おにび (4.7%),ふいうち (2.1%),はかいこうせん (0.8%),しろいハーブ (80.3%),きあいのタスキ (17.6%),たべのこし (0.6%),ラムのみ (0.3%),メンタルハーブ (0.3%),オボンのみ (0.2%),レッドカード (0.2%),ナモのみ (0.2%),ゴツゴツメット (0.1%),,のろわれボディ (83.3%),くだけるよろい (16.7%),,ずぶとい (53.7%),ひかえめ (21.7%),おくびょう (18.3%),おだやか (4.1%),せっかち (0.7%),うっかりや (0.6%),しんちょう (0.4%),のんき (0.4%),おっとり (0.2%),おとなしい (0%),H2 A0 B0 C32 D0 S32 (12.5%),H14 A0 B26 C0 D0 S26 (12%),H24 A0 B24 C0 D0 S18 (6.5%),H32 A0 B32 C0 D0 S2 (5.6%),H32 A0 B12 C0 D0 S22 (4.6%),H32 A0 B32 C0 D2 S0 (3.3%),H14 A0 B25 C0 D0 S27 (2.5%),H12 A0 B32 C0 D0 S22 (2.1%),H32 A0 B10 C0 D0 S24 (1.7%),H32 A0 B8 C0 D0 S26 (1.7%),
114,ヤバソチャ,シャカシャカほう (91.2%),ちからをすいとる (87.1%),シャドーボール (85.8%),めいそう (55.5%),ねっとう (22.3%),リーフストーム (9.8%),てっぺき (8.8%),トリックルーム (8.4%),のろい (6.8%),わるだくみ (4.3%),たべのこし (41.4%),ゴツゴツメット (15.8%),オボンのみ (14.9%),おおきなねっこ (6.3%),きあいのタスキ (4.5%),カシブのみ (4.3%),ラムのみ (3.5%),きせきのタネ (3.4%),いのちのたま (2.5%),たつじんのおび (0.9%),たいねつ (98.1%),おもてなし (1.9%),,ずぶとい (73.1%),ひかえめ (16.4%),おだやか (7%),のんき (2%),おくびょう (0.6%),わんぱく (0.3%),れいせい (0.3%),きまぐれ (0.3%),おっとり (0%),,H32 A0 B32 C0 D2 S0 (29%),H32 A0 B32 C2 D0 S0 (10%),H31 A0 B32 C0 D3 S0 (5.9%),H32 A0 B32 C0 D0 S2 (5.6%),H32 A0 B0 C32 D2 S0 (2.7%),H31 A0 B3 C32 D0 S0 (2.4%),H32 A0 B2 C0 D32 S0 (2.3%),H31 A0 B0 C32 D3 S0 (2.2%),H32 A0 B2 C32 D0 S0 (2%),H31 A0 B32 C3 D0 S0 (1.8%),
115,ローブシン,マッハパンチ (95.9%),れいとうパンチ (84.2%),ドレインパンチ (71%),かみなりパンチ (53.5%),ほのおのパンチ (42.6%),はたきおとす (17.6%),どくづき (6.9%),じしん (6.4%),ビルドアップ (5.9%),インファイト (4%),いのちのたま (47.7%),オボンのみ (14.6%),たつじんのおび (11.2%),くろおび (10.6%),バコウのみ (3.9%),きあいのタスキ (3.2%),ちからのハチマキ (2.1%),ラムのみ (1.9%),たべのこし (1.1%),ゴツゴツメット (0.8%),てつのこぶし (62.2%),ちからずく (24.8%),こんじょう (13%),いじっぱり (92.2%),ゆうかん (5.3%),わんぱく (1.4%),しんちょう (0.6%),さみしがり (0.2%),ようき (0.2%),のうてんき (0%),,,,H32 A32 B2 C0 D0 S0 (16.8%),H32 A22 B0 C0 D12 S0 (8.6%),H1 A32 B1 C0 D0 S32 (7.9%),H32 A32 B0 C0 D2 S0 (7.5%),H2 A32 B0 C0 D0 S32 (5.3%),H1 A32 B1 C0 D32 S0 (3.6%),H2 A32 B0 C0 D32 S0 (2.7%),H21 A32 B2 C0 D11 S0 (2.5%),H31 A32 B3 C0 D0 S0 (2.5%),H3 A32 B0 C0 D0 S31 (2%),
116,ウインディ,おにび (87.5%),あさのひざし (84.7%),かえんほうしゃ (55.7%),バークアウト (33.1%),フレアドライブ (25.4%),しんそく (25.2%),ほえる (22.8%),もえつきる (13.4%),じゃれつく (9.5%),ワイルドボルト (7.9%),ゴツゴツメット (53.7%),たべのこし (18.8%),オボンのみ (13.7%),いのちのたま (5.2%),もくたん (1.9%),おうじゃのしるし (1.6%),イトケのみ (0.9%),こだわりスカーフ (0.6%),ふうせん (0.6%),シュカのみ (0.6%),いかく (97.8%),もらいび (2.2%),,ずぶとい (54.2%),わんぱく (16.2%),いじっぱり (12.8%),ひかえめ (5.1%),おだやか (4.9%),のんき (2.3%),しんちょう (1.7%),やんちゃ (1.2%),ようき (0.6%),おっとり (0.6%),H32 A0 B32 C0 D2 S0 (30.8%),H32 A0 B32 C0 D0 S2 (11.1%),H32 A0 B32 C2 D0 S0 (7.9%),H32 A0 B30 C0 D4 S0 (5.4%),H32 A0 B32 C1 D1 S0 (3.2%),H32 A0 B2 C0 D32 S0 (3.1%),H2 A32 B0 C0 D0 S32 (2.9%),H32 A2 B32 C0 D0 S0 (2.6%),H32 A32 B0 C0 D0 S2 (1.9%),H30 A0 B2 C32 D2 S0 (1.8%),
117,エーフィ,サイコキネシス (58.8%),みわくのボイス (41.1%),パワージェム (32.4%),シャドーボール (30.2%),リフレクター (27.3%),トリック (25.8%),あくび (24.6%),くさむすび (24.5%),ひかりのかべ (22%),めいそう (18.2%),こだわりスカーフ (28.7%),ひかりのねんど (20%),きあいのタスキ (14.8%),オボンのみ (9.4%),いのちのたま (5.4%),たべのこし (4.2%),ふうせん (4%),グランドコート (3.9%),たつじんのおび (2.8%),ジュペッタナイト (1.5%),マジックミラー (100%),シンクロ (0%),,おくびょう (57.1%),ひかえめ (27.6%),ずぶとい (11.4%),おだやか (3.7%),せっかち (0%),れいせい (0%),,,,,H2 A0 B0 C32 D0 S32 (27.1%),H0 A0 B2 C32 D0 S32 (7%),H1 A0 B1 C32 D0 S32 (5.4%),H1 A0 B0 C32 D1 S32 (3.6%),H32 A0 B0 C0 D2 S32 (3.6%),H22 A0 B28 C16 D0 S0 (3.4%),H0 A0 B0 C32 D2 S32 (3.4%),H12 A0 B0 C0 D22 S32 (3.3%),H29 A0 B0 C12 D0 S25 (3.3%),H9 A0 B0 C32 D0 S25 (3.1%),
118,アローラペルシアン,イカサマ (97.7%),すてゼリフ (92.5%),でんじは (48.9%),すりかえ (47.4%),ちょうはつ (39.5%),とんぼがえり (12.4%),ねこだまし (12.2%),こごえるかぜ (10.3%),はたきおとす (7.2%),がむしゃら (7%),こだわりスカーフ (47.6%),ゴツゴツメット (25.1%),たべのこし (13.9%),オボンのみ (12%),カゴのみ (0.8%),くろいメガネ (0.3%),おうじゃのしるし (0.2%),ラムのみ (0.1%),ひかりのこな (0.1%),たつじんのおび (0.1%),ファーコート (98.2%),テクニシャン (1.8%),,ずぶとい (31.1%),わんぱく (27%),おくびょう (24%),ようき (15.6%),むじゃき (1%),ひかえめ (0.5%),おだやか (0.4%),しんちょう (0.2%),いじっぱり (0.1%),のうてんき (0.1%),H31 A0 B28 C0 D0 S7 (15.9%),H32 A0 B32 C0 D2 S0 (15%),H32 A0 B32 C0 D0 S2 (8.6%),H31 A0 B32 C0 D0 S3 (5.7%),H19 A0 B32 C0 D0 S15 (4.6%),H31 A0 B32 C0 D1 S2 (3.8%),H2 A0 B32 C0 D0 S32 (3.5%),H32 A0 B2 C0 D0 S32 (2.7%),H31 A0 B20 C0 D0 S15 (2.4%),H32 A0 B1 C0 D1 S32 (2.4%),
119,ジュカイン,だいちのちから (83.6%),リーフストーム (79.3%),りゅうのはどう (74.6%),しっぽきり (58.4%),しんくうは (25.1%),エナジーボール (20%),がむしゃら (18.1%),みがわり (6.3%),いわなだれ (5%),こらえる (4.9%),ジュカインナイト (68.6%),きあいのタスキ (9%),オボンのみ (7.2%),しろいハーブ (5.8%),レッドカード (4.6%),こだわりスカーフ (1.5%),サイコシード (1%),いのちのたま (0.9%),おうじゃのしるし (0.4%),くろおび (0.3%),しんりょく (73.7%),かるわざ (26.3%),,おくびょう (64.9%),ひかえめ (23%),せっかち (4.5%),むじゃき (4.4%),おっとり (1.3%),ようき (1.1%),ずぶとい (0.3%),いじっぱり (0.3%),さみしがり (0.1%),うっかりや (0.1%),H2 A0 B0 C32 D0 S32 (60%),H0 A0 B2 C32 D0 S32 (4%),H3 A0 B0 C32 D0 S31 (2.9%),H0 A0 B0 C32 D0 S32 (2.8%),H0 A0 B0 C32 D2 S32 (2.7%),H0 A32 B0 C0 D2 S32 (2.7%),H9 A0 B0 C25 D0 S32 (2.2%),H1 A0 B1 C32 D0 S32 (1.7%),H0 A1 B1 C32 D0 S32 (1.7%),H2 A32 B0 C0 D0 S32 (1.6%),
120,チルタリス,はねやすめ (91.2%),ハイパーボイス (81.1%),コットンガード (76.8%),かえんほうしゃ (63.5%),だいもんじ (14.4%),りゅうのまい (9.1%),ほのおのうず (7.6%),のしかかり (7.3%),はかいこうせん (7.3%),ほろびのうた (6.1%),チルタリスナイト (95.6%),オボンのみ (2.4%),しめつけバンド (1.3%),ゴツゴツメット (0.5%),たべのこし (0.1%),,,,,,ノーてんき (51.3%),しぜんかいふく (48.7%),,ひかえめ (38.4%),ずぶとい (31.2%),おだやか (10.9%),おくびょう (10%),しんちょう (3.1%),わんぱく (2.1%),いじっぱり (2%),ようき (1.8%),おとなしい (0.2%),まじめ (0.1%),H6 A0 B0 C32 D0 S28 (10.2%),H32 A0 B32 C0 D0 S2 (9.4%),H32 A0 B2 C0 D32 S0 (6.3%),H21 A0 B0 C32 D12 S1 (6%),H32 A0 B2 C32 D0 S0 (5%),H31 A0 B7 C20 D8 S0 (3.5%),H31 A0 B0 C32 D1 S2 (3.3%),H31 A0 B30 C0 D5 S0 (2.7%),H31 A0 B32 C0 D3 S0 (2.5%),H31 A0 B30 C0 D3 S2 (2.3%),
121,グライオン,じしん (94.6%),どくどく (41.5%),ステルスロック (37.6%),まもる (22.6%),ダブルウイング (22.1%),こおりのキバ (21.4%),とんぼがえり (19.3%),がんせきふうじ (16.2%),どくびし (16.1%),みがわり (15.4%),たべのこし (25.1%),オボンのみ (13.8%),こだわりスカーフ (12.8%),ゴツゴツメット (10.5%),でんきだま (9.5%),いのちのたま (8.7%),きあいのタスキ (4.2%),やわらかいすな (3.3%),ヤチェのみ (1.8%),ひかりのこな (1.6%),ポイズンヒール (55.3%),かいりきバサミ (39.2%),すなかくれ (5.6%),いじっぱり (36.2%),わんぱく (30.5%),しんちょう (15.7%),ようき (13.7%),おとなしい (2.3%),ずぶとい (1.2%),おだやか (0.4%),のんき (0.1%),,,H1 A32 B0 C0 D1 S32 (8.5%),H32 A0 B32 C0 D2 S0 (8.1%),H29 A0 B0 C0 D5 S32 (5.4%),H32 A32 B2 C0 D0 S0 (4.9%),H31 A0 B25 C0 D10 S0 (4%),H2 A32 B0 C0 D0 S32 (3.8%),H28 A9 B29 C0 D0 S0 (3.7%),H32 A2 B32 C0 D0 S0 (3.2%),H32 A32 B0 C0 D0 S2 (3.1%),H0 A32 B0 C0 D0 S32 (2.5%),
122,オトスパス,やまあらし (87.9%),マッハパンチ (80.3%),たこがため (54.7%),れいとうパンチ (33.6%),ふいうち (26.4%),ぶんまわす (26.1%),しっぺがえし (16.6%),ビルドアップ (16.1%),ともえなげ (9.5%),ドレインパンチ (9.2%),くろおび (26.9%),オボンのみ (25.5%),たべのこし (13.5%),いのちのたま (12.6%),せんせいのツメ (3.5%),ラムのみ (3.4%),たつじんのおび (2.9%),きあいのタスキ (2.6%),ふうせん (1.8%),レッドカード (1.4%),テクニシャン (95%),じゅうなん (5%),,いじっぱり (78.9%),わんぱく (7.9%),ゆうかん (6.8%),ひかえめ (2.6%),しんちょう (1.3%),のうてんき (1.2%),なまいき (0.8%),ずぶとい (0.2%),のんき (0.2%),ようき (0.1%),H32 A32 B2 C0 D0 S0 (28.2%),H32 A32 B1 C0 D1 S0 (10.6%),H32 A32 B0 C0 D2 S0 (9.2%),H20 A22 B16 C0 D0 S8 (5.9%),H6 A32 B28 C0 D0 S0 (3.5%),H32 A32 B0 C0 D0 S2 (3.1%),H32 A2 B32 C0 D0 S0 (2.7%),H0 A0 B32 C32 D2 S0 (2.6%),H32 A0 B32 C0 D2 S0 (2.5%),H0 A32 B15 C0 D11 S8 (2.4%),
123,ラフレシア,ちからをすいとる (94.9%),やどりぎのタネ (89.3%),ギガドレイン (60.7%),どくどく (34.8%),ヘドロばくだん (31.1%),ヘドロウェーブ (24.1%),ムーンフォース (18.2%),アシッドボム (13%),ねむりごな (6.4%),エナジーボール (4.4%),ゴツゴツメット (35.4%),たべのこし (22.5%),おおきなねっこ (14.8%),オボンのみ (12.6%),フォーカスレンズ (4.3%),レッドカード (2.3%),しろいハーブ (1.5%),こだわりスカーフ (1%),きあいのタスキ (0.8%),カゴのみ (0.8%),ほうし (93.4%),ようりょくそ (6.6%),,ずぶとい (76.9%),おだやか (13.1%),ひかえめ (5.3%),のんき (3.2%),おくびょう (1.1%),なまいき (0.4%),すなお (0.1%),,,,H32 A0 B32 C0 D2 S0 (42.7%),H32 A0 B2 C0 D32 S0 (9.1%),H31 A0 B32 C0 D3 S0 (6.7%),H32 A0 B32 C2 D0 S0 (4.8%),H32 A0 B25 C0 D9 S0 (2.7%),H27 A0 B25 C0 D14 S0 (2.6%),H31 A0 B31 C0 D4 S0 (2.5%),H31 A0 B3 C0 D32 S0 (2.4%),H25 A0 B30 C0 D0 S11 (2.2%),H28 A0 B32 C0 D6 S0 (2.1%),
124,フーディン,ワイドフォース (80.2%),きあいだま (75.4%),シャドーボール (72.2%),わるだくみ (41.9%),マジカルシャイン (30.4%),アンコール (26.8%),サイコキネシス (19.8%),めいそう (11.2%),みがわり (9%),エナジーボール (8.1%),フーディナイト (85.3%),きあいのタスキ (7.4%),いのちのたま (6.5%),ものしりメガネ (0.5%),こだわりスカーフ (0.2%),,,,,,マジックガード (91.7%),シンクロ (5.3%),せいしんりょく (3%),おくびょう (67%),ひかえめ (31.7%),おっとり (0.8%),おだやか (0.3%),ずぶとい (0.2%),,,,,,H2 A0 B0 C32 D0 S32 (28.4%),H1 A0 B1 C32 D0 S32 (11.1%),H0 A0 B2 C32 D0 S32 (9.2%),H1 A0 B0 C32 D1 S32 (7%),H0 A0 B0 C32 D2 S32 (6.1%),H29 A0 B17 C0 D0 S20 (4.2%),H21 A0 B11 C8 D0 S26 (3.9%),H0 A0 B8 C32 D0 S26 (2.1%),H1 A0 B25 C21 D0 S19 (2%),H1 A0 B32 C1 D0 S32 (2%),
125,イルカマン,ジェットパンチ (79.4%),ウェーブタックル (70.4%),クイックターン (70.2%),れいとうパンチ (56.8%),インファイト (41.1%),ドレインパンチ (29.7%),ビルドアップ (25.3%),ちょうはつ (12.1%),アクロバット (3.4%),アンコール (2.8%),しんぴのしずく (38.4%),こだわりスカーフ (27.6%),オボンのみ (11.8%),たべのこし (11.5%),いのちのたま (5.9%),グラスシード (1.2%),ラムのみ (1%),ちからのハチマキ (0.8%),たつじんのおび (0.6%),ゴツゴツメット (0.5%),マイティチェンジ (100%),,,いじっぱり (85.5%),ようき (11.4%),わんぱく (2.7%),のんき (0.2%),やんちゃ (0.1%),ゆうかん (0.1%),,,,,H2 A32 B0 C0 D0 S32 (40%),H0 A32 B2 C0 D0 S32 (10.1%),H32 A32 B0 C0 D0 S2 (5.3%),H32 A32 B0 C0 D2 S0 (4.8%),H32 A30 B0 C0 D0 S4 (3.8%),H32 A32 B2 C0 D0 S0 (3.8%),H22 A21 B15 C0 D3 S5 (3.3%),H32 A20 B11 C0 D3 S0 (3.2%),H0 A32 B0 C0 D2 S32 (3.1%),H0 A32 B1 C0 D1 S32 (2.8%),
126,ボスゴドラ,ボディプレス (80.2%),ヘビーボンバー (68%),てっぺき (66.8%),メタルバースト (32.9%),ねむる (21%),じしん (20.3%),ゆきなだれ (18.4%),れいとうパンチ (14.2%),ほのおのパンチ (11.5%),アイアンヘッド (9%),ボスゴドラナイト (86.4%),きあいのハチマキ (3.3%),メンタルハーブ (2.1%),オボンのみ (1.7%),ゴツゴツメット (1.7%),たべのこし (1.2%),かたいいし (1.1%),カゴのみ (1%),ひかりのこな (0.5%),ふうせん (0.5%),がんじょう (93%),いしあたま (4.5%),ヘビーメタル (2.5%),わんぱく (59.6%),いじっぱり (16.8%),のんき (9.8%),しんちょう (8.5%),ようき (2.1%),なまいき (1.7%),ゆうかん (0.6%),おだやか (0.4%),やんちゃ (0.4%),ずぶとい (0.1%),H32 A0 B2 C0 D32 S0 (15.5%),H32 A0 B32 C0 D2 S0 (13%),H32 A0 B10 C0 D24 S0 (8.8%),H32 A2 B32 C0 D0 S0 (7.9%),H32 A0 B1 C0 D32 S1 (7.7%),H32 A32 B0 C0 D2 S0 (6.4%),H32 A2 B0 C0 D32 S0 (5.4%),H32 A32 B2 C0 D0 S0 (4.6%),H30 A32 B4 C0 D0 S0 (2.7%),H30 A0 B10 C0 D26 S0 (2.4%),
127,ヘラクロス,インファイト (89.1%),ロックブラスト (87.6%),タネマシンガン (78.9%),ミサイルばり (61.8%),じしん (43.8%),くさわけ (12.4%),メガホーン (5%),いわなだれ (3.4%),はたきおとす (2.6%),フェイント (2.1%),ヘラクロスナイト (91.5%),こだわりスカーフ (3.6%),きあいのタスキ (2%),たつじんのおび (1.1%),ラムのみ (0.6%),くろおび (0.3%),いのちのたま (0.1%),,,,じしんかじょう (57.1%),こんじょう (41.9%),むしのしらせ (0.9%),いじっぱり (74.5%),ようき (16.4%),ゆうかん (6.4%),やんちゃ (2.1%),おくびょう (0.5%),さみしがり (0.1%),わんぱく (0.1%),,,,H2 A32 B0 C0 D0 S32 (29.9%),H32 A32 B2 C0 D0 S0 (16.4%),H32 A32 B0 C0 D0 S2 (7.7%),H32 A5 B13 C0 D16 S0 (4.6%),H0 A32 B2 C0 D0 S32 (4%),H32 A32 B1 C0 D1 S0 (3.9%),H0 A32 B0 C0 D2 S32 (3.3%),H14 A30 B0 C0 D0 S22 (3.1%),H16 A32 B0 C0 D0 S18 (2.6%),H2 A32 B11 C0 D0 S21 (1.6%),
128,ファイアロー,ちょうはつ (74.7%),はねやすめ (68.6%),おにび (68.2%),フレアドライブ (28.1%),ブレイブバード (26.5%),アクロバット (25.6%),かえんほうしゃ (21.8%),ビルドアップ (15.5%),とんぼがえり (15.4%),ほのおのうず (11.3%),ゴツゴツメット (37.9%),オボンのみ (17.3%),たべのこし (7.3%),するどいくちばし (7.1%),ラムのみ (4.6%),いのちのたま (4.4%),きあいのタスキ (4%),おうじゃのしるし (2.7%),こうかくレンズ (2.3%),たつじんのおび (0.6%),ほのおのからだ (62.1%),はやてのつばさ (37.9%),,ようき (23.5%),おくびょう (19.4%),わんぱく (12.5%),しんちょう (12.1%),ずぶとい (10.6%),いじっぱり (9.9%),やんちゃ (7.8%),ひかえめ (3.4%),おだやか (0.6%),むじゃき (0.1%),H2 A32 B0 C0 D0 S32 (10.9%),H31 A0 B0 C0 D28 S7 (10.7%),H32 A0 B32 C0 D0 S2 (9.1%),H22 A0 B27 C0 D0 S17 (5.9%),H0 A32 B2 C0 D0 S32 (4.7%),H0 A32 B0 C18 D0 S16 (3.3%),H28 A0 B14 C0 D0 S24 (3.2%),H7 A0 B32 C0 D0 S27 (3.1%),H0 A0 B1 C32 D0 S32 (2.7%),H32 A0 B29 C0 D5 S0 (2.7%),
129,ヤドランG,れいとうビーム (91.1%),シェルアームズ (79.5%),サイコキネシス (64.1%),かえんほうしゃ (53.8%),だいもんじ (37%),パワージェム (14.7%),サイコショック (8.1%),なまける (6.5%),ヘドロばくだん (5.8%),どくびし (4.4%),せんせいのツメ (84.6%),オボンのみ (4.2%),たべのこし (3.3%),シュカのみ (2.6%),たつじんのおび (1.8%),いのちのたま (1.6%),ゴツゴツメット (1.2%),カゴのみ (0.3%),ふうせん (0.3%),レッドカード (0.2%),クイックドロウ (88.9%),さいせいりょく (10.6%),マイペース (0.5%),ひかえめ (62.2%),れいせい (27.1%),ずぶとい (5.8%),おだやか (1.6%),なまいき (1.3%),のんき (0.9%),いじっぱり (0.7%),ゆうかん (0.3%),まじめ (0.1%),,H32 A0 B2 C32 D0 S0 (29%),H32 A0 B0 C32 D2 S0 (10.7%),H3 A0 B32 C31 D0 S0 (6.3%),H32 A0 B1 C32 D0 S1 (5.4%),H2 A0 B32 C32 D0 S0 (4.7%),H32 A0 B1 C32 D1 S0 (3.7%),H32 A0 B32 C0 D2 S0 (3.3%),H31 A0 B2 C32 D1 S0 (3.2%),H31 A0 B14 C21 D0 S0 (2.1%),H21 A0 B2 C32 D0 S11 (1.9%),
130,マニューラ,こおりのつぶて (72.1%),はたきおとす (69.2%),トリプルアクセル (67.1%),カウンター (34.5%),どくづき (18.6%),ねこだまし (17.1%),じごくづき (15.5%),つららおとし (15%),つるぎのまい (11.2%),かわらわり (11%),きあいのタスキ (64.2%),いのちのたま (15.2%),こだわりスカーフ (12.2%),こうかくレンズ (2.4%),ちからのハチマキ (2.1%),たつじんのおび (1.6%),ラムのみ (0.9%),くろおび (0.7%),おうじゃのしるし (0.3%),ノーマルジュエル (0.1%),わるいてぐせ (57.3%),プレッシャー (42.7%),,ようき (72%),いじっぱり (21.4%),せっかち (6.1%),さみしがり (0.5%),,,,,,,H2 A32 B0 C0 D0 S32 (73%),H0 A32 B0 C0 D2 S32 (8.8%),H0 A32 B2 C0 D0 S32 (7.8%),H0 A32 B0 C0 D0 S32 (2.6%),H1 A32 B1 C0 D1 S31 (2.1%),H2 A32 B1 C0 D0 S31 (1.6%),H3 A32 B0 C0 D0 S31 (1%),H6 A32 B0 C0 D0 S28 (1%),H0 A32 B6 C0 D0 S28 (0.6%),H0 A32 B1 C0 D1 S32 (0.4%),
131,ジャラランガ,スケイルノイズ (69.7%),かえんほうしゃ (68.6%),はどうだん (44%),ソウルビート (39.4%),しんくうは (32.1%),ちょうはつ (17.3%),ドレインパンチ (15%),りゅうせいぐん (10%),ステルスロック (9.8%),じしん (9.6%),オボンのみ (26.9%),きあいのタスキ (23.1%),こだわりスカーフ (15%),たべのこし (13.8%),ゴツゴツメット (3.3%),せんせいのツメ (3%),いのちのたま (2.7%),ハバンのみ (2.6%),たつじんのおび (2.4%),もくたん (1.7%),ぼうだん (67%),ぼうおん (24.5%),ぼうじん (8.4%),ひかえめ (41.6%),おくびょう (32.2%),ようき (11.5%),いじっぱり (4.9%),わんぱく (4.2%),ずぶとい (1.8%),うっかりや (1.3%),むじゃき (1.2%),せっかち (0.7%),なまいき (0.3%),H2 A0 B0 C32 D0 S32 (28.5%),H1 A0 B0 C32 D1 S32 (9.4%),H2 A32 B0 C0 D0 S32 (9.2%),H1 A0 B1 C32 D0 S32 (6.7%),H0 A0 B0 C32 D2 S32 (6.1%),H5 A0 B0 C32 D0 S29 (3.5%),H32 A0 B32 C0 D2 S0 (3.4%),H0 A32 B0 C0 D2 S32 (3%),H17 A0 B17 C32 D0 S0 (2.5%),H21 A0 B1 C32 D3 S9 (2.5%),
132,イッカネズミ,ねずみざん (96.1%),おかたづけ (92.6%),アンコール (80.2%),かみつく (56.6%),バトンタッチ (16.9%),タネマシンガン (10.8%),ちょうはつ (7.8%),でんじは (7.2%),かみくだく (5.4%),じゃれつく (3.5%),こうかくレンズ (77%),おうじゃのしるし (8.6%),オボンのみ (6.6%),シルクのスカーフ (3.5%),きあいのタスキ (1.2%),こだわりスカーフ (1.1%),ヨプのみ (0.6%),オレンのみ (0.5%),ラムのみ (0.4%),いのちのたま (0.1%),テクニシャン (90.3%),ほおぶくろ (9.1%),フレンドガード (0.6%),ようき (74.5%),いじっぱり (14.7%),わんぱく (7.5%),せっかち (1.8%),さみしがり (0.6%),やんちゃ (0.2%),むじゃき (0.2%),ずぶとい (0.2%),おだやか (0.1%),おくびょう (0.1%),H2 A32 B0 C0 D0 S32 (59.2%),H0 A32 B0 C0 D0 S32 (5.7%),H0 A32 B2 C0 D0 S32 (5.3%),H0 A32 B0 C0 D2 S32 (3.8%),H32 A0 B2 C0 D0 S32 (3.7%),H10 A32 B0 C0 D0 S24 (2.6%),H32 A32 B2 C0 D0 S0 (2.4%),H24 A0 B10 C0 D0 S32 (2.1%),H12 A32 B0 C0 D0 S22 (1.1%),H1 A32 B1 C0 D0 S32 (1%),
133,エンニュート,どくどく (89.2%),かえんほうしゃ (51.1%),アンコール (49.7%),がむしゃら (35.4%),オーバーヒート (35.1%),ヘドロウェーブ (24.1%),まもる (23.8%),みがわり (17%),ヘドロばくだん (9.6%),かなしばり (9.4%),きあいのタスキ (66.8%),たべのこし (15.6%),ふうせん (12.4%),もくたん (1.7%),いのちのたま (1.7%),シュカのみ (0.5%),たつじんのおび (0.4%),ひかりのこな (0.3%),ゴツゴツメット (0.2%),こだわりスカーフ (0.1%),ふしょく (93.7%),どんかん (6.3%),,おくびょう (89.5%),ひかえめ (7.5%),おだやか (1.5%),せっかち (0.8%),ずぶとい (0.5%),おっとり (0.1%),むじゃき (0.1%),,,,H2 A0 B0 C32 D0 S32 (56.3%),H0 A0 B2 C32 D0 S32 (9.7%),H1 A0 B1 C32 D0 S32 (3.9%),H2 A0 B6 C26 D0 S32 (3.5%),H32 A0 B2 C0 D0 S32 (3%),H32 A0 B1 C0 D1 S32 (2.7%),H17 A0 B0 C0 D23 S26 (2.5%),H0 A0 B0 C32 D2 S32 (1.9%),H32 A0 B0 C0 D2 S32 (1.8%),H2 A0 B4 C32 D0 S28 (1.7%),
134,サメハダー,まもる (84.3%),かみくだく (72.4%),みちづれ (67.5%),こおりのキバ (35.2%),インファイト (25.7%),れいとうビーム (16.5%),みがわり (12.5%),アクアジェット (10.2%),ゆきなだれ (9.9%),サイコファング (9.8%),サメハダナイト (41.9%),きあいのタスキ (27.2%),いのちのたま (13.6%),くろいメガネ (6%),ラムのみ (2.5%),たつじんのおび (2.3%),メンタルハーブ (1.8%),カゴのみ (1.4%),しめつけバンド (0.8%),たべのこし (0.6%),かそく (99.4%),さめはだ (0.6%),,いじっぱり (53%),ようき (21.2%),ひかえめ (7.1%),おくびょう (4.7%),うっかりや (3.5%),さみしがり (3.2%),むじゃき (2.8%),せっかち (2.4%),やんちゃ (1.7%),おっとり (0.3%),H2 A32 B0 C0 D0 S32 (60.4%),H2 A0 B0 C32 D0 S32 (6%),H0 A32 B2 C0 D0 S32 (5.1%),H0 A32 B0 C0 D2 S32 (4.9%),H0 A32 B0 C0 D0 S32 (3.7%),H0 A0 B0 C32 D0 S32 (3.6%),H0 A32 B0 C2 D0 S32 (2.5%),H0 A0 B2 C32 D0 S32 (2%),H0 A32 B1 C0 D1 S32 (1.9%),H0 A2 B0 C32 D0 S32 (1.4%),
135,ハカドッグ,おはかまいり (82.7%),かげうち (72.8%),じゃれつく (50%),おにび (45.3%),いたみわけ (29.7%),とおぼえ (19.3%),ボディプレス (19.1%),ポルターガイスト (17.3%),みがわり (12.5%),サイコファング (6.8%),のろいのおふだ (48.2%),たべのこし (20%),ゴツゴツメット (16.5%),いのちのたま (6.5%),オボンのみ (5%),カゴのみ (1.6%),きあいのタスキ (1.2%),フォーカスレンズ (0.4%),こだわりスカーフ (0.4%),カシブのみ (0.1%),もふもふ (51%),すなかき (49%),,いじっぱり (52.2%),わんぱく (26.9%),ようき (10.3%),しんちょう (9.2%),ずぶとい (1.5%),,,,,,H2 A32 B4 C0 D0 S28 (11.3%),H9 A32 B0 C0 D0 S25 (9.5%),H2 A32 B0 C0 D0 S32 (9.2%),H32 A0 B32 C0 D2 S0 (5.5%),H28 A10 B0 C0 D0 S28 (5.1%),H0 A2 B32 C0 D32 S0 (5%),H32 A2 B32 C0 D0 S0 (4.8%),H14 A19 B5 C0 D0 S28 (4.6%),H32 A32 B2 C0 D0 S0 (3.8%),H32 A0 B32 C0 D0 S2 (3.4%),
136,ルガルガンたそがれ,アクセルロック (86.5%),がむしゃら (52.7%),インファイト (46.5%),ステルスロック (45.9%),カウンター (26.7%),ドリルライナー (24.8%),きしかいせい (15.9%),いわなだれ (13.5%),サイコファング (12.2%),ロックブラスト (10.9%),きあいのタスキ (81.1%),リザードナイトY (9.5%),いのちのたま (6.9%),オボンのみ (0.6%),たつじんのおび (0.4%),きあいのハチマキ (0.2%),ちからのハチマキ (0.1%),こだわりスカーフ (0.1%),ふうせん (0.1%),,かたいツメ (100%),,,ようき (64.6%),いじっぱり (31.7%),やんちゃ (1.3%),むじゃき (1.2%),おくびょう (0.6%),せっかち (0.5%),さみしがり (0.1%),,,,H2 A32 B0 C0 D0 S32 (58.1%),H1 A32 B1 C0 D0 S32 (12.8%),H0 A32 B32 C0 D0 S2 (9.5%),H1 A32 B0 C0 D0 S32 (5.2%),H0 A32 B0 C0 D2 S32 (3.4%),H1 A32 B0 C0 D1 S32 (2.7%),H0 A32 B0 C9 D0 S25 (2.1%),H0 A32 B2 C0 D0 S32 (1.6%),H32 A32 B0 C0 D0 S2 (1.6%),H0 A32 B0 C0 D0 S32 (1.4%),
137,オンバーン,りゅうせいぐん (78%),かえんほうしゃ (73.2%),エアスラッシュ (69.1%),ちょうはつ (43.4%),とんぼがえり (22.4%),ばくおんぱ (21.1%),ぼうふう (20.7%),サイコキネシス (16.4%),みずのはどう (14.7%),すりかえ (14%),いのちのたま (48.3%),きあいのタスキ (21.8%),こだわりスカーフ (20.9%),りゅうのキバ (2.5%),ものしりメガネ (1.3%),オボンのみ (1.2%),たつじんのおび (1.2%),レッドカード (1.2%),ラムのみ (1%),しろいハーブ (0.4%),すりぬけ (60.4%),おみとおし (39.6%),,おくびょう (55.1%),ひかえめ (39.2%),おっとり (3.3%),ようき (1.3%),むじゃき (0.6%),うっかりや (0.4%),まじめ (0.1%),,,,H1 A0 B1 C32 D0 S32 (31.8%),H2 A0 B0 C32 D0 S32 (16.3%),H0 A0 B1 C32 D1 S32 (15.6%),H1 A0 B0 C32 D1 S32 (14.2%),H4 A0 B0 C32 D0 S30 (3.4%),H32 A0 B2 C32 D0 S0 (3.4%),H0 A0 B2 C32 D0 S32 (2.1%),H0 A0 B0 C32 D0 S32 (1.8%),H7 A0 B0 C32 D0 S27 (1.6%),H3 A0 B0 C32 D0 S31 (1.5%),
138,ランクルス,トリックルーム (71.4%),サイコノイズ (59.1%),シャドーボール (52.6%),きあいだま (52.1%),くさむすび (43.7%),サイコキネシス (33.2%),じこさいせい (23.9%),めいそう (19.6%),かみなり (15.6%),とける (7.9%),いのちのたま (82.6%),きあいのタスキ (5.1%),たべのこし (5.1%),カシブのみ (3.5%),オボンのみ (1.3%),ゴツゴツメット (1%),こうかくレンズ (0.8%),せんせいのツメ (0.3%),メンタルハーブ (0.2%),まがったスプーン (0.1%),マジックガード (97.9%),さいせいりょく (1.9%),ぼうじん (0.2%),ひかえめ (66.5%),れいせい (19%),ずぶとい (9.9%),おだやか (3.9%),なまいき (0.4%),のんき (0.2%),,,,,H32 A0 B19 C15 D0 S0 (35.2%),H32 A0 B2 C32 D0 S0 (14.7%),H32 A0 B18 C15 D1 S0 (9%),H16 A0 B13 C32 D2 S3 (3.2%),H32 A0 B32 C2 D0 S0 (3.2%),H12 A0 B0 C25 D29 S0 (3%),H32 A0 B24 C0 D10 S0 (3%),H32 A0 B0 C32 D2 S0 (2.8%),H24 A0 B10 C32 D0 S0 (2.5%),H32 A0 B32 C0 D0 S2 (2.3%),
139,プクリン,ムーンフォース (69.9%),ステルスロック (50.6%),れいとうビーム (32.6%),かえんほうしゃ (29.5%),アンコール (25.2%),だいもんじ (20.7%),ほろびのうた (16%),ちょうはつ (14.3%),10まんボルト (13.2%),ねがいごと (12.8%),オボンのみ (27.5%),たべのこし (12.1%),たつじんのおび (9.8%),メンタルハーブ (9%),ひかりのねんど (8.7%),きあいのタスキ (8.7%),ふうせん (7.8%),いのちのたま (5.8%),ゴツゴツメット (2.7%),ようせいのハネ (2.3%),かちき (53.9%),おみとおし (40.7%),メロメロボディ (5.4%),ひかえめ (46.8%),ずぶとい (34.7%),おだやか (11.1%),なまいき (3.4%),おくびょう (2.1%),のんき (0.7%),わんぱく (0.4%),いじっぱり (0.3%),れいせい (0.3%),さみしがり (0.1%),H2 A0 B32 C0 D32 S0 (24.5%),H2 A0 B32 C32 D0 S0 (9.1%),H0 A0 B31 C32 D0 S3 (8.1%),H0 A0 B30 C31 D0 S5 (4.4%),H0 A0 B32 C0 D31 S3 (3.6%),H2 A0 B0 C32 D0 S32 (3.3%),H0 A0 B18 C32 D12 S4 (3.1%),H3 A0 B32 C0 D31 S0 (3%),H32 A0 B32 C2 D0 S0 (3%),H0 A0 B32 C32 D2 S0 (2.8%),
140,フォレトス,ステルスロック (59.1%),だいばくはつ (40.2%),ボルトチェンジ (37.3%),どくびし (37.2%),ボディプレス (33.7%),こうそくスピン (33.1%),まきびし (24.7%),ジャイロボール (20.1%),アイススピナー (18.2%),てっぺき (16.6%),ゴツゴツメット (24%),レッドカード (22.1%),ノーマルジュエル (14.3%),シルクのスカーフ (13.6%),たべのこし (9.8%),オボンのみ (4.8%),メンタルハーブ (3.8%),せんせいのツメ (2.4%),たつじんのおび (1.5%),いのちのたま (1.2%),がんじょう (99.4%),ぼうじん (0.6%),,のんき (32.7%),いじっぱり (18.9%),わんぱく (17.5%),しんちょう (11.5%),ゆうかん (9.3%),なまいき (5.1%),ようき (2%),ずぶとい (1.4%),れいせい (1.2%),むじゃき (0.3%),H32 A2 B32 C0 D0 S0 (16.2%),H32 A32 B2 C0 D0 S0 (13.7%),H32 A0 B32 C0 D2 S0 (12.3%),H32 A0 B2 C0 D32 S0 (6.6%),H31 A0 B32 C0 D2 S0 (6.2%),H31 A0 B32 C0 D3 S0 (4.1%),H0 A32 B0 C0 D2 S32 (3.2%),H13 A21 B0 C0 D32 S0 (3.1%),H26 A0 B8 C0 D32 S0 (2.9%),H2 A32 B32 C0 D0 S0 (2.9%),
141,ブリガロン,ボディプレス (89.7%),てっぺき (84%),こうごうせい (76.2%),じしん (51.9%),やどりぎのタネ (17.4%),ウッドハンマー (13.6%),ニードルガード (12.1%),ちょうはつ (10.2%),はたきおとす (7.6%),タネばくだん (7.4%),ブリガロナイト (81.1%),たべのこし (8.9%),ゴツゴツメット (6.3%),オボンのみ (1.1%),きせきのタネ (0.7%),ロゼルのみ (0.1%),,,,,ぼうだん (95.1%),しんりょく (4.9%),,わんぱく (77.2%),いじっぱり (9.4%),ずぶとい (3.4%),しんちょう (3.2%),おだやか (2.6%),のんき (2.3%),ようき (1.8%),ゆうかん (0.1%),,,H32 A0 B32 C0 D2 S0 (57.6%),H4 A11 B32 C0 D0 S19 (5.7%),H32 A2 B32 C0 D0 S0 (5.3%),H32 A0 B32 C0 D1 S1 (4.8%),H0 A32 B32 C0 D2 S0 (3%),H32 A13 B21 C0 D0 S0 (2.8%),H0 A32 B0 C0 D0 S32 (1.8%),H18 A16 B32 C0 D0 S0 (1.8%),H32 A0 B2 C0 D32 S0 (1.7%),H28 A0 B31 C0 D0 S7 (1.6%),
142,ゴウカザル,ステルスロック (49.6%),インファイト (35%),アンコール (32.7%),おにび (30.6%),フレアドライブ (23%),マッハパンチ (22%),かみなりパンチ (21.6%),がんせきふうじ (20%),かえんほうしゃ (19.9%),オーバーヒート (16%),きあいのタスキ (47.5%),こだわりスカーフ (13.7%),いのちのたま (12.2%),イトケのみ (9.9%),ふうせん (9.1%),かいがらのすず (2.7%),こうかくレンズ (1.5%),たつじんのおび (0.9%),オボンのみ (0.8%),ちからのハチマキ (0.7%),もうか (59.9%),てつのこぶし (40.1%),,ようき (47%),おくびょう (23.3%),いじっぱり (13.7%),ひかえめ (4.5%),うっかりや (4.2%),せっかち (3.3%),むじゃき (2.3%),やんちゃ (0.6%),おっとり (0.4%),ゆうかん (0.4%),H2 A32 B0 C0 D0 S32 (30.1%),H4 A0 B3 C0 D27 S32 (15.5%),H2 A0 B0 C32 D0 S32 (15%),H0 A0 B2 C32 D0 S32 (5.2%),H0 A32 B2 C0 D0 S32 (5.1%),H0 A0 B1 C32 D1 S32 (4.4%),H7 A0 B0 C0 D32 S27 (3%),H0 A32 B0 C0 D2 S32 (2.8%),H0 A32 B12 C0 D0 S22 (2.7%),H30 A0 B0 C3 D1 S32 (1.9%),
143,シビルドン,かえんほうしゃ (56.4%),ギガドレイン (46.9%),10まんボルト (44.4%),りゅうのはどう (41.8%),サンダーダイブ (23.1%),とぐろをまく (21.1%),ドレインパンチ (18.8%),くさむすび (16.7%),ボルトチェンジ (16.7%),アシッドボム (16.2%),シビルドナイト (66.8%),だっしゅつボタン (12%),たつじんのおび (5.8%),いのちのたま (4.2%),ゴツゴツメット (3.5%),たべのこし (3.4%),オボンのみ (2.2%),メトロノーム (1.1%),レッドカード (0.6%),ものしりメガネ (0.2%),ふゆう (100%),,,ひかえめ (48.8%),のんき (18.9%),いじっぱり (8.7%),ゆうかん (5.8%),わんぱく (4.6%),おくびょう (3.1%),れいせい (2.3%),しんちょう (2.2%),まじめ (2.1%),ずぶとい (1.4%),H32 A0 B12 C0 D22 S0 (12.7%),H32 A0 B2 C32 D0 S0 (10.2%),H31 A0 B10 C25 D0 S0 (5.4%),H32 A0 B1 C32 D1 S0 (5.3%),H31 A32 B1 C0 D2 S0 (5%),H32 A0 B0 C32 D0 S2 (4.6%),H32 A0 B20 C4 D10 S0 (3.8%),H31 A7 B28 C0 D0 S0 (2.7%),H2 A0 B0 C32 D0 S32 (2.6%),H1 A0 B1 C32 D0 S32 (2.3%),
144,ペロリーム,ねばねばネット (79.9%),あくび (75.9%),がむしゃら (53.7%),マジカルシャイン (45.4%),ミストバースト (29.7%),かえんほうしゃ (28.7%),ドレインキッス (16.7%),めいそう (16.3%),なみのり (11.4%),10まんボルト (9.1%),オボンのみ (35.3%),きあいのタスキ (20.7%),レッドカード (16.3%),グラスシード (12.9%),オレンのみ (10.6%),サイコシード (2.5%),エレキシード (0.9%),ふうせん (0.3%),ゴツゴツメット (0.2%),,かるわざ (98.4%),スイートベール (1.6%),,ずぶとい (29.6%),おくびょう (25.7%),ひかえめ (21.6%),おだやか (10.4%),しんちょう (8.4%),せっかち (2.9%),のうてんき (0.9%),おっとり (0.2%),うっかりや (0.2%),,H2 A0 B0 C32 D0 S32 (15.9%),H32 A0 B11 C0 D20 S3 (12.7%),H32 A0 B0 C0 D32 S2 (8.6%),H0 A0 B0 C32 D0 S32 (4.1%),H0 A0 B2 C32 D0 S32 (3.4%),H0 A0 B14 C32 D0 S20 (3.3%),H20 A0 B1 C0 D13 S32 (3.3%),H32 A0 B0 C0 D14 S20 (3.1%),H15 A0 B32 C0 D8 S11 (3%),H32 A0 B2 C0 D0 S32 (2.2%),
145,デスバーン,ステルスロック (71.6%),じしん (57.9%),おにび (53.1%),ポルターガイスト (39.5%),のろい (37.2%),トリックルーム (35.2%),ボディプレス (18.2%),みちづれ (17.6%),おきみやげ (12.4%),ちょうはつ (11.2%),オボンのみ (42.6%),たべのこし (14.4%),ゴツゴツメット (12.4%),きあいのタスキ (8.8%),たつじんのおび (5.8%),メンタルハーブ (5%),レッドカード (3.2%),カシブのみ (2.5%),のろいのおふだ (1.9%),しめつけバンド (1.1%),さまようたましい (100%),,,わんぱく (47.3%),なまいき (17.6%),しんちょう (16.5%),いじっぱり (8.7%),のんき (8.6%),ずぶとい (0.7%),ゆうかん (0.5%),おだやか (0.2%),,,H32 A0 B32 C0 D2 S0 (24.3%),H32 A0 B2 C0 D32 S0 (23.6%),H32 A0 B5 C0 D29 S0 (10.4%),H0 A0 B32 C0 D32 S0 (4.7%),H32 A32 B0 C0 D2 S0 (4.4%),H31 A0 B25 C0 D10 S0 (2.7%),H16 A0 B32 C0 D0 S18 (2.1%),H32 A10 B24 C0 D0 S0 (2%),H32 A0 B9 C0 D25 S0 (2%),H32 A0 B0 C0 D32 S0 (1.9%),
146,ユキノオー,ふぶき (96.3%),だいちのちから (61.8%),こおりのつぶて (59%),ギガドレイン (40%),オーロラベール (26.8%),リーフストーム (26.4%),エナジーボール (18.5%),やどりぎのタネ (12.8%),いわなだれ (12.2%),ぜったいれいど (11.2%),ユキノオナイト (55.7%),ひかりのねんど (18.7%),きあいのタスキ (14%),たつじんのおび (3.6%),いのちのたま (2.4%),きせきのタネ (2%),とけないこおり (1.2%),オボンのみ (0.8%),たべのこし (0.7%),オッカのみ (0.7%),ゆきふらし (99.5%),ぼうおん (0.5%),,れいせい (52.7%),ひかえめ (20.8%),ずぶとい (9.9%),おだやか (6%),ゆうかん (2.6%),うっかりや (2.2%),のんき (1.8%),おっとり (1.2%),いじっぱり (0.9%),わんぱく (0.6%),H32 A2 B0 C32 D0 S0 (18.1%),H32 A0 B2 C32 D0 S0 (16.3%),H32 A0 B0 C32 D2 S0 (10.2%),H32 A0 B0 C32 D0 S2 (5.9%),H0 A0 B32 C32 D2 S0 (3.2%),H32 A1 B19 C14 D0 S0 (3.1%),H30 A0 B4 C32 D0 S0 (2.9%),H0 A2 B0 C32 D0 S32 (2.6%),H17 A32 B2 C0 D15 S0 (2.2%),H32 A0 B0 C28 D6 S0 (2.2%),
147,ウェーニバル,アクアステップ (95.8%),インファイト (83.9%),トリプルアクセル (47.1%),アイススピナー (31%),アクアジェット (28.2%),つるぎのまい (18.3%),はやてがえし (16.7%),アンコール (11.6%),こうそくスピン (11.1%),はたきおとす (9.5%),きあいのタスキ (55%),ラムのみ (17.3%),しんぴのしずく (7.1%),いのちのたま (6.8%),たべのこし (4.4%),ロゼルのみ (1.7%),ゴツゴツメット (1.4%),こだわりスカーフ (1.3%),オボンのみ (0.9%),せんせいのツメ (0.9%),じしんかじょう (97.3%),げきりゅう (2.7%),,いじっぱり (50.5%),ようき (39.7%),わんぱく (4.8%),しんちょう (2.8%),せっかち (1.2%),むじゃき (0.9%),さみしがり (0.1%),,,,H2 A32 B0 C0 D0 S32 (42.1%),H1 A32 B1 C0 D0 S32 (15.3%),H0 A32 B2 C0 D0 S32 (10.1%),H0 A32 B0 C0 D2 S32 (7.6%),H1 A32 B0 C0 D1 S32 (7.2%),H29 A0 B32 C0 D0 S5 (2%),H32 A0 B2 C0 D0 S32 (2%),H21 A32 B0 C0 D6 S4 (1.8%),H32 A0 B32 C0 D0 S0 (1.4%),H2 A32 B32 C0 D0 S0 (1.2%),
148,ジュナイパーH,3ぼんのや (97.6%),リーフブレード (92.9%),ふいうち (64.3%),とんぼがえり (24.3%),かげうち (22%),がんせきふうじ (15%),はやてがえし (12%),ブレイブバード (11.1%),つるぎのまい (9.3%),ちょうはつ (6.7%),ピントレンズ (36.3%),きあいのタスキ (16.7%),こだわりスカーフ (12.6%),いのちのたま (7.9%),オボンのみ (7.7%),くろおび (5.7%),ラムのみ (4.8%),ひかりのこな (3.5%),たつじんのおび (1.2%),たべのこし (1.1%),きもったま (99.4%),しんりょく (0.6%),,いじっぱり (74.8%),ようき (18.4%),ゆうかん (2.6%),ひかえめ (1.8%),わんぱく (1.7%),せっかち (0.5%),さみしがり (0.1%),なまいき (0.1%),しんちょう (0.1%),,H2 A32 B0 C0 D0 S32 (46.1%),H0 A32 B0 C0 D2 S32 (5.4%),H32 A32 B0 C0 D1 S0 (5.4%),H28 A32 B5 C0 D0 S1 (3.9%),H8 A32 B0 C0 D0 S26 (3.5%),H28 A32 B0 C0 D0 S6 (3.4%),H31 A32 B0 C0 D0 S3 (3%),H32 A32 B0 C0 D0 S0 (2.6%),H26 A32 B0 C0 D0 S8 (2.5%),H32 A24 B2 C0 D0 S8 (2.4%),
149,エレザード,しっぽきり (72.1%),10まんボルト (64.4%),くさむすび (49.5%),ボルトチェンジ (43.3%),へびにらみ (38.9%),きあいだま (19.6%),りゅうのはどう (16.4%),なみのり (15%),かみなり (11.1%),あくのはどう (9.7%),きあいのタスキ (37.6%),こだわりスカーフ (25.6%),いのちのたま (14.6%),オボンのみ (13.7%),ふうせん (4.2%),シュカのみ (1.5%),たべのこし (1%),ひかりのこな (0.9%),せんせいのツメ (0.3%),メンタルハーブ (0.3%),かんそうはだ (96.5%),サンパワー (2.2%),すなかくれ (1.3%),おくびょう (71.5%),ひかえめ (24.5%),せっかち (2.5%),おだやか (0.7%),のんき (0.6%),さみしがり (0.1%),おっとり (0.1%),,,,H2 A0 B0 C32 D0 S32 (54.1%),H32 A0 B0 C2 D0 S32 (7.4%),H0 A0 B0 C32 D2 S32 (7%),H3 A0 B0 C32 D0 S31 (5%),H0 A0 B0 C32 D0 S32 (3.6%),H16 A0 B0 C18 D0 S32 (3.6%),H7 A0 B7 C26 D0 S26 (3.1%),H8 A0 B0 C32 D0 S26 (3%),H2 A0 B0 C31 D1 S32 (2.4%),H12 A0 B0 C22 D0 S32 (2%),
150,チリーン,じこさいせい (87.3%),コスモパワー (50.8%),アシストパワー (46.3%),ラスターカノン (30.1%),サイコノイズ (30%),アンコール (26%),めいそう (21.5%),ばくおんぱ (16.8%),トリックルーム (11.7%),ドレインキッス (10.4%),チリーンナイト (89%),オボンのみ (7.4%),ひかりのねんど (1.1%),ラムのみ (0.8%),ゴツゴツメット (0.7%),たべのこし (0.3%),こだわりスカーフ (0.3%),カシブのみ (0.2%),メンタルハーブ (0.2%),きあいのタスキ (0.1%),ふゆう (100%),,,ずぶとい (37.1%),おだやか (32.2%),ひかえめ (29.1%),なまいき (0.6%),のんき (0.6%),おくびょう (0.3%),れいせい (0.1%),,,,H32 A0 B32 C0 D2 S0 (19.4%),H32 A0 B24 C0 D10 S0 (8.4%),H32 A0 B32 C0 D0 S2 (7.1%),H31 A0 B12 C5 D14 S4 (5.3%),H32 A0 B2 C0 D32 S0 (5.2%),H25 A0 B10 C25 D0 S6 (5.1%),H32 A0 B27 C0 D7 S0 (4.2%),H31 A0 B18 C15 D0 S2 (3.3%),H32 A0 B15 C3 D16 S0 (3.3%),H0 A0 B32 C30 D0 S4 (3%),
151,ルチャブル,つるぎのまい (70.8%),アクロバット (64.2%),アンコール (44.3%),インファイト (35.2%),とびひざげり (31%),ブレイブバード (21.5%),ちょうはつ (19.2%),ドレインパンチ (19.2%),ビルドアップ (14.5%),じごくづき (10.2%),エレキシード (35%),サイコシード (18.7%),ルチャブルナイト (11%),グラスシード (10.3%),ラムのみ (8.1%),こだわりスカーフ (5.2%),オボンのみ (3.3%),レッドカード (2.2%),おうじゃのしるし (1.2%),しろいハーブ (1.1%),かるわざ (79.2%),かたやぶり (20.5%),じゅうなん (0.4%),いじっぱり (72%),ようき (17.6%),わんぱく (9.2%),ずぶとい (0.8%),おくびょう (0.2%),やんちゃ (0.2%),,,,,H2 A32 B0 C0 D0 S32 (26.2%),H32 A32 B0 C0 D0 S2 (8.5%),H32 A0 B0 C0 D4 S30 (7.2%),H15 A32 B0 C0 D0 S19 (4.4%),H26 A32 B1 C0 D0 S7 (4.4%),H14 A32 B12 C0 D0 S8 (4.3%),H27 A32 B0 C0 D0 S7 (3.9%),H26 A32 B0 C0 D0 S8 (3.2%),H2 A32 B20 C0 D0 S12 (2.5%),H0 A32 B0 C0 D2 S32 (2.4%),
152,クレッフィ,リフレクター (75.3%),ひかりのかべ (70.7%),てっていこうせん (68%),でんじは (39.3%),まきびし (28.9%),イカサマ (26.7%),マジカルシャイン (18.1%),あまごい (14.6%),でんじふゆう (9.5%),トリックルーム (8%),ひかりのねんど (63.7%),しめったいわ (12.2%),たべのこし (9.1%),だっしゅつボタン (5.4%),ふうせん (2.9%),いのちのたま (2.8%),オボンのみ (2.4%),メトロノーム (0.4%),くろいてっきゅう (0.4%),カゴのみ (0.3%),いたずらごころ (100%),,,ずぶとい (65.2%),おだやか (17.5%),ひかえめ (10.3%),のんき (3.2%),ゆうかん (1.2%),れいせい (0.9%),おくびょう (0.6%),なまいき (0.6%),しんちょう (0.3%),おっとり (0.1%),H32 A0 B32 C0 D2 S0 (27%),H24 A0 B19 C0 D23 S0 (10.5%),H32 A0 B0 C32 D2 S0 (5.3%),H32 A0 B2 C0 D32 S0 (4.6%),H32 A0 B9 C0 D25 S0 (3.7%),H32 A0 B19 C0 D15 S0 (3.6%),H31 A0 B22 C0 D13 S0 (3.2%),H32 A0 B31 C0 D3 S0 (3.1%),H32 A0 B29 C0 D3 S1 (2.7%),H32 A0 B32 C2 D0 S0 (2.6%),
153,プテラ,ダブルウイング (77.2%),こおりのキバ (73%),じしん (44.6%),いわなだれ (41.8%),ちょうはつ (36.9%),りゅうのまい (24.4%),ほのおのキバ (21.2%),ストーンエッジ (18.5%),ステルスロック (16.6%),がんせきふうじ (9.8%),プテラナイト (79.6%),きあいのタスキ (9.9%),こだわりスカーフ (3.4%),ゴツゴツメット (3.4%),いのちのたま (2%),オボンのみ (0.9%),おうじゃのしるし (0.4%),ヤチェのみ (0.3%),こうかくレンズ (0.1%),メトロノーム (0.1%),きんちょうかん (47.8%),プレッシャー (47.4%),いしあたま (4.9%),いじっぱり (50%),ようき (46.1%),わんぱく (1.9%),しんちょう (1.6%),さみしがり (0.2%),やんちゃ (0.1%),,,,,H2 A32 B0 C0 D0 S32 (48.1%),H0 A32 B2 C0 D0 S32 (19.7%),H32 A32 B0 C0 D2 S0 (4.1%),H6 A32 B5 C0 D0 S23 (3.8%),H25 A32 B0 C0 D0 S9 (2.9%),H10 A32 B3 C0 D0 S21 (2.2%),H32 A0 B16 C0 D0 S18 (1.7%),H32 A0 B2 C0 D32 S0 (1.6%),H10 A25 B8 C0 D0 S23 (1.4%),H24 A32 B0 C0 D0 S10 (1.4%),
154,ズルズキン,はたきおとす (78.7%),ドレインパンチ (76.3%),りゅうのまい (48.9%),れいとうパンチ (41.6%),どくづき (28.7%),ほのおのパンチ (18.1%),ビルドアップ (16.9%),ちょうはつ (16.3%),ねこだまし (10.6%),とびひざげり (8.2%),ズルズキナイト (95.2%),オボンのみ (2.4%),ラムのみ (2.3%),カゴのみ (0.1%),ゴツゴツメット (0.1%),,,,,,いかく (97.4%),だっぴ (2.5%),じしんかじょう (0.1%),いじっぱり (59.6%),ようき (25.4%),しんちょう (8.4%),せっかち (3.2%),わんぱく (2.5%),ずぶとい (0.6%),ゆうかん (0.1%),のんき (0.1%),,,H2 A32 B0 C0 D0 S32 (15.7%),H31 A32 B0 C0 D0 S3 (14.5%),H25 A32 B0 C0 D9 S0 (7.5%),H25 A32 B0 C0 D0 S9 (7.4%),H32 A32 B2 C0 D0 S0 (4.7%),H1 A32 B1 C0 D0 S32 (4%),H32 A32 B0 C0 D0 S2 (4%),H19 A21 B0 C0 D0 S26 (3.8%),H0 A32 B6 C0 D2 S26 (3.2%),H0 A32 B0 C0 D32 S2 (2.9%),
155,バクフーンＨ,ふんか (86.6%),ひゃっきやこう (57.3%),シャドーボール (55.2%),かえんほうしゃ (48%),きあいだま (21.8%),おにび (20.7%),のろい (18.3%),でんこうせっか (16.1%),がむしゃら (14.5%),もえつきる (12.5%),こだわりスカーフ (65.5%),きあいのタスキ (25.1%),もくたん (3.9%),いのちのたま (3.1%),たべのこし (1.7%),オボンのみ (0.2%),ナモのみ (0.2%),シルクのスカーフ (0.1%),,,おみとおし (77.7%),もうか (22.3%),,ひかえめ (55.3%),おくびょう (39.6%),むじゃき (3.4%),おだやか (1.3%),せっかち (0.1%),おっとり (0.1%),うっかりや (0.1%),ずぶとい (0.1%),,,H2 A0 B0 C32 D0 S32 (47.3%),H1 A0 B1 C32 D0 S32 (20.8%),H0 A0 B0 C32 D0 S32 (5%),H3 A0 B0 C32 D0 S31 (4.7%),H0 A0 B2 C32 D0 S32 (3.3%),H0 A2 B0 C32 D0 S32 (2.7%),H1 A0 B0 C32 D1 S32 (2.1%),H13 A0 B0 C31 D0 S22 (1.9%),H0 A0 B8 C32 D0 S26 (1.6%),H0 A0 B9 C18 D7 S32 (1.3%),
156,ワルビアル,じしん (95.6%),はたきおとす (46.6%),ステルスロック (43.6%),インファイト (42%),ちょうはつ (38.2%),がんせきふうじ (38%),ダストシュート (27.5%),かみくだく (15.6%),ストーンエッジ (10.7%),いわなだれ (9.5%),きあいのタスキ (46.3%),こだわりスカーフ (31.5%),オボンのみ (13.7%),ちからのハチマキ (3.2%),いのちのたま (3.1%),やわらかいすな (0.7%),ラムのみ (0.3%),ピントレンズ (0.3%),でんきだま (0.2%),ゴツゴツメット (0.2%),いかく (80.4%),じしんかじょう (19.6%),,いじっぱり (46.1%),ようき (41.5%),せっかち (5.4%),わんぱく (4.7%),しんちょう (2.3%),,,,,,H1 A32 B1 C0 D0 S32 (30.5%),H1 A28 B0 C0 D8 S29 (22.1%),H2 A32 B0 C0 D0 S32 (16.2%),H0 A32 B0 C2 D0 S32 (5.4%),H27 A32 B7 C0 D0 S0 (3.2%),H3 A32 B1 C0 D0 S30 (2.5%),H7 A32 B0 C0 D0 S27 (2.2%),H32 A0 B10 C0 D24 S0 (1.9%),H0 A32 B0 C0 D2 S32 (1.7%),H32 A0 B32 C0 D2 S0 (1.7%),
157,キュウコン,アンコール (63.1%),マジカルフレイム (40.9%),ソーラービーム (40%),バトンタッチ (36.6%),おにび (35.6%),わるだくみ (29.5%),かえんほうしゃ (23.4%),オーバーヒート (18.4%),おきみやげ (17.7%),ウェザーボール (13.2%),あついいわ (56%),きあいのタスキ (15.8%),ふうせん (10.3%),せんせいのツメ (5.4%),こだわりスカーフ (5.2%),カゴのみ (3.6%),だっしゅつボタン (1.8%),イトケのみ (0.7%),もくたん (0.3%),さらさらいわ (0.3%),ひでり (96.1%),もらいび (3.9%),,おくびょう (58%),ひかえめ (30.7%),ずぶとい (4%),おだやか (3.8%),れいせい (3.5%),,,,,,H31 A0 B0 C0 D14 S21 (27.8%),H2 A0 B0 C32 D0 S32 (20%),H32 A0 B2 C0 D0 S32 (8%),H0 A0 B2 C32 D0 S32 (7.2%),H1 A0 B1 C32 D0 S32 (5.8%),H31 A0 B0 C32 D0 S3 (4.9%),H32 A0 B0 C0 D32 S2 (3.6%),H9 A24 B0 C32 D0 S1 (3.5%),H19 A0 B0 C26 D0 S21 (2.6%),H1 A0 B24 C9 D0 S32 (1.8%),
158,マフィティフ,くらいつく (89.2%),のろい (54.9%),ねむる (36.5%),みがわり (35.8%),ほうふく (21.2%),ちょうはつ (19.6%),こおりのキバ (18.9%),みちづれ (18%),じゃれつく (17.2%),くさわけ (10.1%),ふうせん (21.4%),カゴのみ (20.3%),レッドカード (13.5%),たべのこし (12.8%),きあいのタスキ (7.5%),いのちのたま (6.6%),オボンのみ (4.7%),きれいなぬけがら (4.5%),ラムのみ (4.1%),だっしゅつボタン (1%),ばんけん (71.4%),はりこみ (20.9%),いかく (7.7%),いじっぱり (32.3%),わんぱく (28.4%),しんちょう (20.1%),ようき (7.7%),ゆうかん (7.6%),なまいき (2.1%),さみしがり (1.7%),のんき (0.1%),,,H32 A0 B2 C0 D32 S0 (17.8%),H32 A32 B2 C0 D0 S0 (17.3%),H32 A0 B32 C0 D2 S0 (11.3%),H2 A32 B32 C0 D0 S0 (7.8%),H32 A2 B32 C0 D0 S0 (7.2%),H32 A2 B0 C0 D32 S0 (5.6%),H32 A32 B0 C0 D0 S2 (4.9%),H2 A32 B0 C0 D0 S32 (4.6%),H28 A0 B2 C0 D32 S4 (2.4%),H0 A32 B0 C0 D0 S32 (2.2%),
159,オニゴーリ,まもる (87.3%),みがわり (67.1%),フリーズドライ (65.2%),ぜったいれいど (53.1%),じしん (35.4%),だいばくはつ (26.3%),こおりのつぶて (25.2%),のしかかり (13.4%),くさわけ (4.2%),イカサマ (3.2%),たべのこし (61.6%),オニゴーリナイト (33.7%),ひかりのこな (1.2%),ラムのみ (1.1%),せんせいのツメ (0.2%),こうかくレンズ (0.2%),きあいのタスキ (0.1%),,,,ムラっけ (92.2%),せいしんりょく (5.8%),アイスボディ (2%),おくびょう (39.2%),いじっぱり (21.6%),ずぶとい (15.3%),ようき (10.7%),おだやか (4.5%),むじゃき (3.3%),ゆうかん (3.2%),おっとり (1.1%),ひかえめ (0.8%),まじめ (0.2%),H2 A32 B0 C0 D0 S32 (25.9%),H24 A0 B5 C0 D5 S32 (20%),H22 A0 B24 C0 D0 S20 (9%),H32 A0 B2 C0 D0 S32 (8.4%),H22 A0 B17 C0 D0 S27 (5.7%),H32 A32 B2 C0 D0 S0 (3.5%),H22 A0 B0 C0 D31 S13 (2.3%),H32 A0 B0 C2 D0 S32 (2.1%),H32 A0 B2 C0 D32 S0 (2.1%),H22 A0 B0 C12 D0 S32 (2%),
160,タブンネ,いやしのねがい (89.2%),トリックルーム (66%),アンコール (46.4%),マジカルシャイン (40.1%),かえんほうしゃ (35.2%),ひかりのかべ (22.6%),あくび (21.6%),じごくづき (20.6%),れいとうビーム (17.9%),ねがいごと (12.4%),ひかりのこな (21.3%),タブンネナイト (20.5%),たべのこし (19.8%),オボンのみ (19%),ゴツゴツメット (6.9%),ヨプのみ (5.5%),メンタルハーブ (2.1%),とけないこおり (1.6%),ひかりのねんど (1.5%),レッドカード (1.4%),さいせいりょく (79.2%),いやしのこころ (20.8%),,のんき (40.2%),ずぶとい (27.7%),わんぱく (20.8%),ひかえめ (6%),おだやか (2.5%),なまいき (2.3%),いじっぱり (0.5%),,,,H32 A0 B32 C0 D2 S0 (49.7%),H29 A0 B32 C0 D5 S0 (14%),H31 A0 B32 C0 D3 S0 (7.9%),H29 A0 B21 C0 D16 S0 (4.4%),H32 A0 B2 C32 D0 S0 (3.2%),H32 A0 B24 C0 D10 S0 (3.1%),H32 A0 B29 C5 D0 S0 (3%),H13 A0 B0 C32 D0 S21 (2.4%),H32 A0 B3 C0 D31 S0 (2%),H32 A0 B32 C2 D0 S0 (1.6%),
161,デスカーン,ボディプレス (76.7%),おにび (68.6%),トリックルーム (42.9%),たたりめ (37.5%),てっぺき (37.3%),のろい (24.3%),シャドーボール (19.2%),どくびし (15.4%),みちづれ (11.9%),おきみやげ (11.5%),たべのこし (40.5%),オボンのみ (19.4%),ゴツゴツメット (11.7%),カゴのみ (4.7%),せんせいのツメ (4.1%),ひかりのこな (3.9%),しめったいわ (3.4%),こだわりスカーフ (2.1%),レッドカード (1.8%),メンタルハーブ (1.4%),ミイラ (100%),,,ずぶとい (71.8%),おだやか (10.8%),のんき (6.5%),わんぱく (6.2%),しんちょう (4.5%),なまいき (0.1%),,,,,H32 A0 B32 C0 D2 S0 (48.9%),H32 A0 B16 C0 D0 S18 (7.1%),H32 A0 B2 C0 D32 S0 (5.7%),H32 A0 B32 C0 D0 S2 (4.7%),H32 A0 B0 C2 D32 S0 (4.4%),H32 A0 B25 C4 D5 S0 (4.2%),H32 A0 B32 C2 D0 S0 (3.8%),H32 A0 B28 C0 D0 S6 (3.5%),H32 A0 B9 C0 D25 S0 (3.4%),H23 A0 B17 C0 D26 S0 (2.9%),
162,ドダイトス,からをやぶる (75%),じしん (54.2%),ぶちかまし (44%),ウッドハンマー (36.8%),タネマシンガン (34.2%),ロックブラスト (27.9%),タネばくだん (19.1%),げきりん (17.3%),こうごうせい (15.3%),いわなだれ (13.1%),しろいハーブ (33.8%),きあいのタスキ (30.7%),ラムのみ (17.9%),たべのこし (6.9%),オボンのみ (4.5%),ゴツゴツメット (2.1%),ヤチェのみ (1.2%),いのちのたま (0.8%),オッカのみ (0.5%),バコウのみ (0.5%),シェルアーマー (52.5%),しんりょく (47.5%),,ようき (46.5%),いじっぱり (43.1%),しんちょう (5.9%),わんぱく (3.6%),なまいき (0.6%),むじゃき (0.4%),,,,,H2 A32 B0 C0 D0 S32 (40.2%),H27 A0 B0 C0 D20 S19 (7.5%),H0 A28 B2 C0 D2 S32 (6.9%),H3 A32 B0 C0 D0 S31 (6%),H1 A32 B1 C0 D0 S32 (5.3%),H32 A32 B2 C0 D0 S0 (4.4%),H32 A0 B13 C0 D21 S0 (4.1%),H0 A32 B0 C0 D2 S32 (3.3%),H32 A0 B31 C0 D3 S0 (3.3%),H8 A26 B0 C0 D0 S32 (3%),
163,エンブオー,フレアドライブ (82%),インファイト (64.8%),ふいうち (44.9%),ワイルドボルト (42.6%),もろはのずつき (42%),じしん (34%),やまあらし (18.7%),ドレインパンチ (13%),もえつきる (13%),ヘビーボンバー (12.7%),エンブオナイト (72%),こだわりスカーフ (16.6%),いのちのたま (7.2%),オボンのみ (1.3%),たべのこし (0.7%),,,,,,すてみ (85%),もうか (15%),,いじっぱり (66%),ようき (18.1%),ゆうかん (12.4%),なまいき (2.2%),わんぱく (0.8%),しんちょう (0.5%),,,,,H32 A32 B0 C0 D0 S2 (19.7%),H2 A32 B0 C0 D0 S32 (16.5%),H32 A32 B1 C0 D1 S0 (14.7%),H32 A32 B2 C0 D0 S0 (5.5%),H32 A23 B11 C0 D0 S0 (4.9%),H0 A32 B2 C0 D32 S0 (4%),H14 A32 B20 C0 D0 S0 (3.3%),H32 A32 B0 C0 D0 S0 (3%),H29 A32 B0 C0 D0 S5 (2.3%),H0 A0 B0 C0 D0 S0 (2.2%),
164,オーダイル,アクアブレイク (81.5%),アクアジェット (53.4%),れいとうパンチ (52.4%),りゅうのまい (52.2%),じしん (40%),すてみタックル (18.3%),のしかかり (16.2%),かみくだく (11.8%),つるぎのまい (11.1%),れいとうビーム (8.2%),いのちのたま (48.9%),オーダイルナイト (45.6%),しんぴのしずく (4.1%),こだわりスカーフ (0.7%),せんせいのツメ (0.5%),,,,,,ちからずく (90.4%),げきりゅう (9.6%),,いじっぱり (49.8%),ようき (29.8%),やんちゃ (6.8%),ひかえめ (6.6%),しんちょう (2.7%),ゆうかん (2.1%),わんぱく (1.3%),のうてんき (1%),,,H2 A32 B0 C0 D0 S32 (18.9%),H1 A32 B1 C0 D0 S32 (9.6%),H32 A32 B2 C0 D0 S0 (6.8%),H0 A32 B2 C0 D0 S32 (6.3%),H32 A32 B0 C0 D0 S2 (5.9%),H10 A21 B2 C11 D0 S22 (4.1%),H31 A32 B0 C0 D3 S0 (3.8%),H17 A32 B1 C0 D0 S16 (3.7%),H0 A32 B10 C0 D17 S7 (3%),H29 A0 B0 C32 D0 S5 (3%),
165,ブロスター,はどうだん (99.3%),みずのはどう (84.4%),れいとうビーム (67.9%),あくのはどう (60.2%),アクアジェット (30.2%),ヘドロウェーブ (20.7%),りゅうのはどう (17.7%),だいちのはどう (11.1%),まもる (3.2%),ハイドロポンプ (2.4%),いのちのたま (31%),こだわりスカーフ (20.2%),たつじんのおび (18.7%),オボンのみ (12.9%),しんぴのしずく (6.4%),きあいのタスキ (3.9%),せんせいのツメ (3.7%),リンドのみ (1.8%),くろおび (0.7%),ものしりメガネ (0.5%),メガランチャー (100%),,,ひかえめ (49.4%),れいせい (28.1%),おくびょう (19.2%),のんき (3.2%),,,,,,,H32 A0 B2 C32 D0 S0 (23.7%),H2 A0 B0 C32 D0 S32 (18.1%),H32 A0 B0 C32 D2 S0 (6.1%),H23 A0 B2 C32 D0 S9 (5.5%),H31 A0 B3 C32 D0 S0 (5.4%),H32 A0 B1 C32 D1 S0 (5.1%),H30 A0 B20 C16 D0 S0 (3.2%),H1 A0 B0 C32 D1 S32 (3%),H29 A0 B5 C32 D0 S0 (3%),H21 A0 B0 C32 D0 S13 (2.8%),
166,アマルルガ,オーロラベール (87.9%),ステルスロック (85.6%),ふぶき (65%),フリーズドライ (39.5%),アンコール (31.9%),ミラーコート (25%),だいちのちから (17.7%),でんじは (15.5%),げんしのちから (3.8%),10まんボルト (3.8%),ひかりのねんど (68.5%),オボンのみ (14.6%),きあいのタスキ (6.8%),つめたいいわ (4%),せんせいのツメ (2.1%),たべのこし (1.2%),ヨプのみ (0.7%),ふうせん (0.5%),メンタルハーブ (0.4%),かいがらのすず (0.4%),ゆきふらし (97.4%),フリーズスキン (2.6%),,ずぶとい (56.6%),おだやか (17.2%),ひかえめ (14.2%),おくびょう (7.3%),おっとり (1.5%),れいせい (1.3%),なまいき (0.9%),のんき (0.9%),しんちょう (0.1%),,H32 A0 B32 C0 D2 S0 (16.7%),H32 A0 B2 C0 D32 S0 (9.8%),H32 A0 B32 C2 D0 S0 (7.8%),H12 A0 B32 C0 D22 S0 (7%),H31 A0 B32 C0 D3 S0 (6.5%),H29 A0 B32 C0 D0 S5 (5%),H1 A0 B28 C0 D22 S15 (4%),H1 A0 B32 C1 D32 S0 (4%),H31 A0 B23 C0 D0 S12 (3.6%),H23 A0 B32 C1 D0 S10 (3.4%),
167,カイロス,でんこうせっか (84.2%),やまあらし (65%),つるぎのまい (62.3%),のしかかり (48.6%),あばれる (43.3%),じしん (23.8%),ビルドアップ (19.6%),ハサミギロチン (14.9%),フェイント (11.3%),みがわり (6%),カイロスナイト (94.4%),こだわりスカーフ (2.7%),たべのこし (1.1%),ながねぎ (1.1%),きあいのハチマキ (0.1%),,,,,,じしんかじょう (58.3%),かいりきバサミ (22.9%),かたやぶり (18.8%),ようき (90.7%),いじっぱり (6.7%),わんぱく (2.3%),おくびょう (0.3%),,,,,,,H1 A32 B1 C0 D0 S32 (49%),H2 A32 B0 C0 D0 S32 (20.4%),H1 A32 B0 C0 D1 S32 (7.5%),H1 A29 B4 C0 D0 S32 (5.7%),H9 A27 B0 C0 D0 S30 (2.6%),H32 A32 B0 C0 D0 S2 (2.6%),H0 A32 B0 C0 D2 S32 (1.9%),H31 A0 B0 C0 D1 S32 (1.8%),H31 A0 B30 C0 D2 S3 (1.1%),H31 A5 B0 C0 D1 S29 (1.1%),
168,キョジオーン,しおづけ (87.2%),じこさいせい (77.4%),てっぺき (59.7%),ボディプレス (56.4%),ステルスロック (22.6%),じしん (22.6%),がんせきふうじ (16.9%),だいばくはつ (15.1%),まもる (12.5%),じわれ (9.4%),たべのこし (48.8%),オボンのみ (19.7%),ノーマルジュエル (10.5%),ゴツゴツメット (8.8%),レッドカード (3.9%),ふうせん (2.3%),メンタルハーブ (2.1%),ひかりのこな (1.5%),きあいのタスキ (0.7%),サイコシード (0.6%),きよめのしお (84%),がんじょう (15.3%),クリアボディ (0.7%),わんぱく (56.4%),しんちょう (13.9%),ゆうかん (13.3%),やんちゃ (6.6%),のんき (5.6%),いじっぱり (1.8%),ずぶとい (1.1%),おだやか (1%),なまいき (0.3%),,H32 A0 B32 C0 D2 S0 (44.8%),H0 A32 B32 C0 D0 S2 (10.2%),H2 A32 B32 C0 D0 S0 (6.6%),H32 A0 B2 C0 D32 S0 (5.1%),H32 A0 B14 C0 D20 S0 (4.4%),H31 A0 B21 C0 D14 S0 (3.3%),H32 A32 B2 C0 D0 S0 (3.2%),H32 A0 B20 C0 D14 S0 (2.8%),H32 A0 B32 C0 D0 S0 (2.5%),H32 A0 B18 C0 D10 S6 (2.2%),
169,グレイシア,フリーズドライ (93.8%),こおりのつぶて (58.8%),あくび (43.1%),マッドショット (40.7%),ミラーコート (35.2%),れいとうビーム (34.3%),シャドーボール (24.4%),みきり (16.7%),こおりのいぶき (13.5%),ふぶき (7.8%),きあいのタスキ (48.5%),とけないこおり (17.9%),いのちのたま (12.1%),たべのこし (6.5%),オボンのみ (3.7%),せんせいのツメ (3.1%),たつじんのおび (2%),レッドカード (1.5%),ひかりのこな (1.3%),オッカのみ (1.1%),ゆきがくれ (74.7%),アイスボディ (25.3%),,ひかえめ (79.8%),れいせい (5.7%),うっかりや (3.8%),わんぱく (3.8%),ずぶとい (3.7%),おくびょう (2%),おだやか (1%),,,,H1 A0 B1 C32 D0 S32 (22.3%),H30 A0 B0 C32 D0 S4 (9.4%),H32 A0 B2 C32 D0 S0 (6.8%),H2 A0 B0 C32 D0 S32 (6.6%),H31 A0 B1 C32 D0 S2 (6.6%),H1 A0 B0 C32 D1 S32 (6.5%),H31 A0 B32 C0 D3 S0 (3.8%),H32 A0 B0 C32 D0 S2 (2.9%),H3 A0 B1 C30 D0 S32 (2.8%),H0 A0 B32 C32 D2 S0 (2.7%),
170,バンバドロ,じしん (88.6%),ボディプレス (75.5%),ほえる (56.5%),ステルスロック (48.3%),じわれ (38.5%),ストーンエッジ (22.5%),うちおとす (21.3%),ねむる (19.6%),ヘビーボンバー (11.5%),がんせきふうじ (3.5%),たべのこし (33.2%),オボンのみ (25.6%),カゴのみ (18.9%),せんせいのツメ (12.5%),ゴツゴツメット (7.7%),レッドカード (1.4%),ラムのみ (0.6%),,,,じきゅうりょく (100%),,,わんぱく (55.5%),しんちょう (35.2%),なまいき (5.1%),いじっぱり (4.1%),ずぶとい (0.1%),,,,,,H32 A0 B32 C0 D2 S0 (19.9%),H32 A2 B0 C0 D32 S0 (12.1%),H32 A2 B32 C0 D0 S0 (11.5%),H32 A0 B32 C0 D0 S2 (10.1%),H32 A0 B2 C0 D32 S0 (9%),H2 A0 B32 C0 D32 S0 (7.9%),H7 A0 B32 C0 D27 S0 (5.1%),H32 A0 B29 C0 D5 S0 (5.1%),H32 A0 B0 C0 D32 S0 (3%),H32 A0 B11 C0 D23 S0 (2.4%),
171,デンリュウ,りゅうのはどう (99.7%),10まんボルト (68.3%),パラボラチャージ (59.6%),コットンガード (42%),きあいだま (36.5%),パワージェム (33.5%),マジカルシャイン (24.1%),チャージビーム (14.8%),じゅうでん (12.3%),ボルトチェンジ (7.7%),デンリュウナイト (92.3%),せんせいのツメ (6.9%),オボンのみ (0.1%),たべのこし (0.1%),いのちのたま (0.1%),ふうせん (0.1%),エレキシード (0.1%),,,,せいでんき (99.9%),プラス (0.1%),,ひかえめ (56.1%),れいせい (26.6%),ずぶとい (14.9%),おだやか (2.2%),わんぱく (0.1%),,,,,,H32 A0 B2 C32 D0 S0 (47.2%),H32 A0 B18 C16 D0 S0 (9.8%),H0 A0 B0 C32 D32 S2 (6.7%),H28 A0 B0 C32 D0 S6 (6.4%),H32 A0 B0 C32 D0 S2 (4.2%),H32 A0 B0 C32 D2 S0 (2.9%),H32 A0 B15 C0 D19 S0 (2.2%),H32 A0 B32 C1 D1 S0 (1.9%),H26 A0 B8 C32 D0 S0 (1.8%),H32 A0 B13 C21 D0 S0 (1.8%),
172,ムシャーナ,いやしのねがい (93.3%),あくび (84.2%),トリックルーム (83.9%),ムーンフォース (45.7%),サイコキネシス (36.4%),ミストバースト (16.2%),まもる (11.1%),シャドーボール (5.9%),リフレクター (3.5%),ひかりのかべ (3.2%),オボンのみ (38.7%),メンタルハーブ (26.9%),たべのこし (17.1%),カシブのみ (2.6%),ふうせん (2.6%),まがったスプーン (2.4%),ひかりのねんど (2.3%),ラムのみ (2.1%),ナモのみ (1.5%),ゴツゴツメット (1.4%),シンクロ (51.3%),よちむ (48.7%),,のんき (51.9%),ずぶとい (30.5%),れいせい (7.7%),なまいき (4.6%),おだやか (3.2%),ひかえめ (2%),てれや (0.2%),,,,H32 A0 B32 C0 D2 S0 (53%),H32 A0 B22 C0 D12 S0 (11.7%),H32 A0 B25 C0 D9 S0 (5.2%),H2 A0 B32 C0 D32 S0 (3.2%),H32 A0 B0 C32 D2 S0 (3%),H32 A0 B2 C0 D32 S0 (2.9%),H32 A0 B16 C0 D18 S0 (2.9%),H32 A0 B32 C0 D0 S0 (2.9%),H32 A0 B2 C32 D0 S0 (2.4%),H32 A0 B0 C2 D32 S0 (2.1%),
173,ドサイドン,じしん (98.5%),れいとうパンチ (48.6%),ロックブラスト (35%),つのドリル (29.4%),ストーンエッジ (27.7%),メタルバースト (24.9%),ほのおのパンチ (21.2%),サンダーダイブ (19%),がんせきふうじ (16.1%),ゆきなだれ (15.9%),きあいのタスキ (22.8%),いのちのたま (21.1%),ちからのハチマキ (15.5%),オボンのみ (9.6%),たつじんのおび (9.6%),シュカのみ (5.3%),ゴツゴツメット (5.3%),イトケのみ (3.1%),ラムのみ (1.7%),せんせいのツメ (1.4%),ハードロック (86.8%),すてみ (13%),ひらいしん (0.2%),いじっぱり (49.2%),ゆうかん (27.2%),ようき (10.5%),わんぱく (8.7%),のんき (2%),しんちょう (0.9%),なまいき (0.8%),やんちゃ (0.6%),,,H32 A32 B2 C0 D0 S0 (20.4%),H2 A32 B0 C0 D0 S32 (10.5%),H31 A32 B0 C0 D3 S0 (8.4%),H32 A32 B0 C0 D2 S0 (7%),H31 A32 B3 C0 D0 S0 (6.3%),H32 A2 B32 C0 D0 S0 (4.8%),H2 A32 B32 C0 D0 S0 (4.6%),H32 A32 B0 C0 D0 S2 (4.2%),H32 A26 B0 C0 D7 S0 (4%),H32 A32 B1 C0 D1 S0 (2.8%),
174,イキリンコ,いのちがけ (88.3%),すてゼリフ (82.9%),ブレイブバード (62.1%),とんぼがえり (47.7%),ちょうはつ (37.2%),イカサマ (25.7%),おいかぜ (23.5%),でんこうせっか (10.6%),すてみタックル (7.9%),きしかいせい (4.3%),こだわりスカーフ (68.1%),きあいのタスキ (19.2%),ひかりのこな (4%),するどいくちばし (2.9%),オボンのみ (2.1%),いのちのたま (1.6%),ゴツゴツメット (1.1%),せんせいのツメ (0.5%),,,いかく (94.6%),はりきり (4.8%),こんじょう (0.6%),ようき (90.8%),いじっぱり (7.8%),せっかち (0.6%),むじゃき (0.6%),わんぱく (0.2%),,,,,,H32 A2 B0 C0 D0 S32 (55.2%),H32 A0 B2 C0 D0 S32 (12.7%),H32 A0 B0 C0 D0 S32 (10.8%),H0 A32 B0 C0 D0 S32 (4.3%),H2 A32 B0 C0 D0 S32 (3.6%),H30 A4 B0 C0 D0 S32 (3.6%),H32 A0 B1 C0 D0 S32 (3.2%),H32 A0 B0 C0 D2 S32 (2.9%),H18 A0 B20 C0 D0 S27 (2.2%),H0 A32 B2 C0 D0 S32 (1.3%),
175,ガメノデス,からをやぶる (91.3%),インファイト (90.2%),ロックブラスト (53.6%),アクアブレイク (36.3%),じしん (34.5%),どくづき (25.5%),ストーンエッジ (23.9%),シャドークロー (14.4%),いわなだれ (9.2%),すりかえ (7.6%),ガメノデスナイト (79.9%),きあいのタスキ (11.9%),いのちのたま (0.5%),ラムのみ (0.2%),,,,,,,かたいツメ (90.2%),スナイパー (8.6%),わるいてぐせ (1.3%),ようき (58.5%),いじっぱり (41.5%),,,,,,,,,H2 A32 B0 C0 D0 S32 (40.6%),H0 A32 B2 C0 D0 S32 (19%),H10 A32 B0 C0 D0 S24 (8.6%),H0 A32 B0 C0 D2 S32 (7.4%),H12 A30 B0 C0 D0 S24 (6%),H25 A32 B0 C0 D0 S9 (4%),H6 A32 B0 C0 D0 S28 (2.4%),H28 A25 B0 C0 D8 S5 (2.1%),H29 A32 B0 C0 D0 S5 (1.9%),H32 A32 B1 C0 D1 S0 (1.6%),
176,ロトム草,リーフストーム (98.9%),ボルトチェンジ (80.3%),おにび (60.4%),10まんボルト (49.5%),トリック (22.2%),かみなり (19.9%),いたみわけ (17.8%),あくのはどう (11.7%),シャドーボール (8.1%),イカサマ (7.8%),こだわりスカーフ (23.2%),オボンのみ (18%),たべのこし (11.4%),しろいハーブ (10.5%),いのちのたま (7.7%),ゴツゴツメット (7%),ものしりメガネ (6.6%),きせきのタネ (3.4%),カゴのみ (3.3%),じしゃく (3.1%),ふゆう (100%),,,ひかえめ (55.7%),おくびょう (31%),ずぶとい (7.8%),おだやか (5.3%),おっとり (0.2%),,,,,,H2 A0 B0 C32 D0 S32 (21.1%),H32 A0 B0 C32 D2 S0 (15.8%),H32 A0 B2 C32 D0 S0 (6.9%),H32 A0 B0 C32 D0 S2 (6.3%),H0 A0 B2 C32 D0 S32 (3.9%),H32 A0 B9 C25 D0 S0 (3.6%),H0 A0 B0 C32 D2 S32 (3.3%),H32 A0 B13 C21 D0 S0 (3%),H32 A0 B1 C32 D0 S1 (2.8%),H32 A0 B10 C15 D9 S0 (2.7%),
177,イキリンコ(イエローフェザー),ブレイブバード (68.6%),いのちがけ (65.7%),とんぼがえり (64%),すてゼリフ (50%),でんこうせっか (33.1%),すてみタックル (26.6%),ちょうはつ (23.9%),とびつく (20.8%),イカサマ (11.3%),おいかぜ (6.9%),こだわりスカーフ (85.6%),いのちのたま (7.3%),きあいのタスキ (5%),せんせいのツメ (0.3%),ノーマルジュエル (0.3%),シルクのスカーフ (0.3%),ゴツゴツメット (0.3%),するどいくちばし (0.2%),,,いかく (59.5%),はりきり (27.2%),ちからずく (13.3%),ようき (61.9%),いじっぱり (35.6%),やんちゃ (1.2%),さみしがり (0.5%),せっかち (0.5%),わんぱく (0.3%),,,,,H32 A2 B0 C0 D0 S32 (30.7%),H0 A32 B0 C0 D2 S32 (19.9%),H32 A0 B2 C0 D0 S32 (13.6%),H32 A0 B1 C0 D1 S32 (9.4%),H2 A32 B0 C0 D0 S32 (8.9%),H0 A32 B0 C0 D0 S32 (4.5%),H32 A0 B0 C0 D2 S32 (3.2%),H32 A0 B0 C0 D0 S32 (2.7%),H0 A32 B2 C0 D0 S32 (2%),H32 A6 B0 C0 D0 S28 (1.5%),
178,ハガネール,じしん (83.9%),ボディプレス (50.7%),ヘビーボンバー (45.1%),ステルスロック (41.5%),てっぺき (37.8%),ドラゴンテール (22.1%),こおりのキバ (20.1%),ジャイロボール (16.3%),いわなだれ (12.1%),じわれ (9.7%),ハガネールナイト (33.2%),ゴツゴツメット (28.8%),オボンのみ (11%),たべのこし (10.3%),レッドカード (5.2%),ラムのみ (4.2%),せんせいのツメ (2.1%),ふうせん (2.1%),ひかりのこな (0.8%),オッカのみ (0.6%),がんじょう (85.3%),ちからずく (10%),いしあたま (4.7%),わんぱく (51.4%),いじっぱり (20.8%),なまいき (8.1%),しんちょう (7.7%),ゆうかん (6.6%),のんき (2.6%),ようき (2.3%),ひかえめ (0.6%),,,H27 A0 B29 C0 D10 S0 (13%),H32 A32 B0 C0 D0 S0 (12.1%),H32 A0 B31 C0 D2 S1 (7.7%),H32 A0 B2 C0 D32 S0 (7.4%),H32 A32 B2 C0 D0 S0 (6%),H32 A2 B32 C0 D0 S0 (5.3%),H2 A32 B32 C0 D0 S0 (5%),H32 A32 B0 C0 D2 S0 (4.7%),H27 A7 B32 C0 D0 S0 (3.5%),H31 A32 B3 C0 D0 S0 (35%),
179,マルノーム,どくどく (55.1%),どくびし (49.8%),アンコール (40.9%),まもる (35.9%),ヘドロウェーブ (26.6%),れいとうビーム (25.4%),ボディプレス (22%),とける (20.2%),あくび (18.1%),いたみわけ (15.2%),たべのこし (55.3%),ゴツゴツメット (15%),オボンのみ (14.7%),たつじんのおび (4.1%),でんきだま (3.8%),ふうせん (2.6%),カゴのみ (2.3%),メンタルハーブ (1.6%),シュカのみ (0.3%),ウタンのみ (0.2%),ねんちゃく (62%),ヘドロえき (37.7%),くいしんぼう (0.3%),おだやか (34.4%),ずぶとい (19.7%),わんぱく (13.7%),ひかえめ (10.6%),おくびょう (10%),しんちょう (6.2%),まじめ (3.1%),ようき (1.8%),のんき (0.5%),,H32 A0 B2 C0 D32 S0 (32.1%),H32 A0 B32 C0 D2 S0 (10.3%),H18 A0 B15 C0 D0 S32 (6.7%),H32 A0 B2 C32 D0 S0 (6.4%),H32 A0 B32 C0 D0 S0 (4.7%),H32 A0 B27 C0 D0 S7 (4.4%),H6 A0 B0 C32 D0 S28 (4.1%),H2 A0 B32 C0 D32 S0 (3.6%),H32 A0 B20 C0 D0 S14 (3.1%),H32 A0 B28 C0 D0 S6 (2.6%),
180,ピジョット,ねっぷう (100%),ぼうふう (100%),はかいこうせん (56.3%),みがわり (43.6%),でんこうせっか (30%),おいかぜ (20%),ふきとばし (14.8%),はねやすめ (14.8%),とんぼがえり (7.8%),フェザーダンス (6.8%),ピジョットナイト (100%),,,,,,,,,,はとむね (57.1%),するどいめ (21.8%),ちどりあし (21.1%),おくびょう (55.8%),ひかえめ (43.9%),ずぶとい (0.3%),,,,,,,,H2 A0 B0 C32 D0 S32 (37.2%),H1 A0 B1 C32 D0 S32 (29.1%),H1 A0 B0 C32 D1 S32 (9.5%),H32 A0 B2 C32 D0 S0 (4%),H0 A0 B2 C32 D0 S32 (3.8%),H32 A0 B0 C32 D0 S2 (3.8%),H11 A0 B0 C32 D0 S23 (2.4%),H27 A0 B1 C5 D1 S32 (2.4%),H8 A0 B0 C32 D0 S26 (1.6%),H31 A0 B3 C32 D0 S0 (1.4%),
181,カラマネロ,バトンタッチ (73.9%),ばかぢから (52.9%),みがわり (37.9%),めいそう (36%),アシストパワー (29.9%),はたきおとす (26.1%),かげぶんしん (21.3%),トリックルーム (17.6%),ひっくりかえす (12.1%),みちづれ (11.9%),たべのこし (36.5%),カラマネナイト (35%),きあいのタスキ (11.9%),オボンのみ (6.1%),ラムのみ (4.1%),カゴのみ (2.7%),たつじんのおび (1.4%),ピントレンズ (0.9%),くろいてっきゅう (0.5%),ゴツゴツメット (0.5%),きゅうばん (58.2%),あまのじゃく (41.8%),,おだやか (39.2%),しんちょう (13.3%),なまいき (11.9%),わんぱく (8.9%),ずぶとい (7.5%),いじっぱり (6.3%),ゆうかん (4.1%),ようき (3.9%),まじめ (3.1%),ひかえめ (1.7%),H32 A0 B0 C0 D24 S10 (17.4%),H2 A0 B32 C0 D32 S0 (13%),H32 A0 B9 C0 D25 S0 (9.4%),H32 A0 B2 C0 D32 S0 (7.8%),H32 A0 B32 C0 D0 S2 (7%),H32 A32 B0 C0 D2 S0 (4.8%),H32 A0 B12 C0 D20 S2 (4.4%),H32 A0 B32 C0 D2 S0 (4.3%),H32 A32 B2 C0 D0 S0 (4.1%),H10 A15 B0 C0 D9 S32 (3.6%),
182,ライチュウＡ,ライジングボルト (86.3%),わるだくみ (59.3%),サイコキネシス (49.8%),くさむすび (41.2%),みわくのボイス (35.6%),アンコール (20.6%),マジカルシャイン (20.4%),エレキフィールド (18.9%),なみのり (17%),10まんボルト (10.7%),きあいのタスキ (40.2%),いのちのたま (32%),エレキシード (17.6%),ふうせん (3.5%),じしゃく (3%),グランドコート (1%),メトロノーム (0.8%),ラムのみ (0.7%),シュカのみ (0.5%),たつじんのおび (0.5%),サーフテール (100%),,,ひかえめ (77.3%),おっとり (8.6%),おくびょう (7.4%),わんぱく (3.5%),ずぶとい (3.3%),,,,,,H2 A0 B0 C32 D0 S32 (40.2%),H32 A0 B2 C32 D0 S0 (10.2%),H0 A0 B2 C32 D0 S32 (7.4%),H0 A0 B0 C32 D2 S32 (5.1%),H19 A0 B0 C32 D0 S15 (4.9%),H32 A0 B0 C32 D0 S2 (3.8%),H32 A0 B32 C0 D0 S2 (3.8%),H32 A0 B18 C0 D0 S16 (3%),H0 A0 B0 C32 D0 S32 (2.8%),H0 A0 B0 C32 D19 S15 (2.5%),
183,ピカチュウ,ボルテッカー (62.8%),でんこうせっか (45.8%),ねこだまし (41.5%),きあいパンチ (26.8%),くさむすび (26.1%),がむしゃら (24%),フェイント (22.5%),なみのり (21.8%),アンコール (21.6%),かみなり (16.6%),でんきだま (69.7%),きあいのタスキ (19%),グランドコート (0.2%),,,,,,,,ひらいしん (58.1%),せいでんき (41.9%),,ようき (38.6%),おくびょう (20.2%),いじっぱり (15.7%),むじゃき (10.2%),せっかち (7.4%),わんぱく (5%),おっとり (1.4%),うっかりや (1%),ひかえめ (0.3%),,H3 A32 B0 C0 D0 S31 (23.4%),H2 A32 B0 C0 D0 S32 (20.2%),H2 A0 B0 C32 D0 S32 (12.6%),H1 A32 B1 C0 D0 S32 (9.5%),H0 A32 B0 C2 D0 S32 (9.2%),H0 A0 B0 C32 D2 S32 (6.9%),H1 A0 B0 C32 D1 S32 (6.6%),H32 A0 B32 C0 D0 S2 (5%),H1 A0 B1 C32 D0 S32 (2.4%),H0 A2 B0 C32 D0 S32 (1.7%),
184,ヘルガー,あくのはどう (82.6%),かえんほうしゃ (64.6%),みちづれ (64%),ふいうち (40.9%),わるだくみ (25%),だいもんじ (23.5%),ヘドロばくだん (22.8%),ソーラービーム (12.7%),オーバーヒート (12.5%),カウンター (11.7%),きあいのタスキ (54.1%),ヘルガナイト (43.7%),ふうせん (0.9%),こだわりスカーフ (0.6%),オボンのみ (0.4%),いのちのたま (0.4%),,,,,もらいび (97.1%),きんちょうかん (1.7%),はやおき (1.3%),おくびょう (51.4%),ひかえめ (30.6%),せっかち (9.2%),おっとり (5.1%),うっかりや (2%),むじゃき (1.3%),いじっぱり (0.4%),,,,H2 A0 B0 C32 D0 S32 (46.2%),H1 A0 B1 C32 D0 S32 (16.5%),H0 A0 B0 C32 D0 S32 (8.4%),H0 A2 B0 C32 D0 S32 (7.5%),H1 A0 B0 C32 D1 S32 (6.4%),H0 A0 B0 C32 D2 S32 (5.9%),H1 A1 B0 C32 D0 S32 (4.6%),H0 A0 B2 C32 D0 S32 (1.5%),H0 A32 B0 C32 D0 S2 (1.1%),H1 A0 B1 C30 D2 S32 (0.7%),
185,アマージョ,トリプルアクセル (81.2%),とびひざげり (58.9%),トロピカルキック (57.5%),こうそくスピン (41.9%),パワーウィップ (34.1%),はたきおとす (26%),ちょうはつ (25.3%),とんぼがえり (13.6%),くさわけ (12%),じゃれつく (9.1%),こうかくレンズ (36.2%),きあいのタスキ (13.5%),いのちのたま (12.5%),バコウのみ (12.2%),ラムのみ (8.3%),オボンのみ (5.5%),ゴツゴツメット (4.1%),たべのこし (3.6%),こだわりスカーフ (2.9%),カゴのみ (0.3%),じょおうのいげん (69.2%),スイートベール (27.6%),リーフガード (3.2%),いじっぱり (67%),ようき (25.6%),わんぱく (6.3%),しんちょう (0.8%),せっかち (0.2%),,,,,,H2 A32 B0 C0 D0 S32 (16.2%),H0 A32 B0 C0 D1 S32 (13%),H32 A32 B2 C0 D0 S0 (12.3%),H32 A10 B22 C0 D0 S2 (7.5%),H0 A32 B0 C0 D10 S24 (5.7%),H32 A32 B1 C0 D1 S0 (5.2%),H32 A0 B2 C0 D0 S32 (4.2%),H0 A32 B2 C0 D32 S0 (3.1%),H28 A2 B24 C0 D2 S10 (3.1%),H14 A30 B0 C0 D0 S22 (2.9%),
186,チャーレム,しねんのずつき (66.7%),インファイト (65.3%),ねこだまし (64.3%),バレットパンチ (40.2%),れいとうパンチ (38.2%),とびひざげり (30%),かみなりパンチ (18.7%),どくづき (14%),サイコカッター (13.8%),ブレイズキック (10.9%),チャーレムナイト (75.6%),きあいのタスキ (15.4%),こだわりスカーフ (7%),いのちのたま (1.4%),ラムのみ (0.6%),,,,,,ヨガパワー (100%),,,いじっぱり (81.3%),ようき (17.5%),ゆうかん (0.8%),やんちゃ (0.4%),,,,,,,H2 A32 B0 C0 D0 S32 (50.3%),H0 A32 B1 C0 D1 S32 (12.1%),H0 A32 B2 C0 D0 S32 (8.4%),H2 A30 B27 C0 D7 S0 (5.7%),H20 A32 B0 C0 D0 S14 (4.3%),H32 A32 B2 C0 D0 S0 (3.7%),H28 A30 B0 C0 D0 S8 (3.5%),H30 A32 B1 C0 D0 S3 (2.7%),H0 A32 B0 C0 D2 S32 (1.9%),H32 A32 B1 C0 D1 S0 (1.6%),
187,スピアー,どくづき (98.9%),ドリルライナー (84.4%),とんぼがえり (81.9%),とどめばり (57.3%),はたきおとす (38.5%),つるぎのまい (11%),とびかかる (7.1%),ミサイルばり (3.6%),まもる (3.4%),みがわり (2.5%),スピアナイト (93.1%),きあいのタスキ (6.5%),,,,,,,,,スナイパー (51.9%),むしのしらせ (48.1%),,ようき (96.2%),いじっぱり (3.3%),さみしがり (0.4%),せっかち (0.2%),,,,,,,H2 A32 B0 C0 D0 S32 (56.8%),H3 A32 B0 C0 D0 S31 (14.6%),H0 A32 B0 C0 D2 S32 (6.3%),H1 A32 B1 C0 D0 S32 (4.9%),H0 A32 B2 C0 D0 S32 (3.4%),H1 A32 B0 C0 D2 S31 (2.5%),H31 A0 B0 C0 D12 S23 (2.5%),H0 A30 B4 C0 D0 S32 (2.4%),H0 A32 B0 C0 D0 S32 (1.3%),H1 A32 B0 C0 D1 S32 (1.3%),
188,ロズレイド,ヘドロばくだん (78.3%),ギガドレイン (51.7%),やどりぎのタネ (42.3%),シャドーボール (41.9%),どくびし (28.6%),リーフストーム (28.4%),マジカルシャイン (24%),どくどく (21.3%),こうごうせい (12.8%),まきびし (11.5%),たべのこし (20.6%),オボンのみ (19.2%),きあいのタスキ (16.2%),たつじんのおび (12.3%),いのちのたま (8.7%),おおきなねっこ (5.2%),こうかくレンズ (4.6%),こだわりスカーフ (4.6%),しろいハーブ (3.9%),きせきのタネ (2.1%),しぜんかいふく (66.3%),どくのとげ (32.3%),テクニシャン (1.4%),おだやか (34.3%),ひかえめ (32.7%),おくびょう (26.8%),ずぶとい (5.9%),おっとり (0.4%),,,,,,H2 A0 B0 C32 D0 S32 (19.9%),H32 A0 B0 C0 D32 S2 (15.8%),H4 A0 B0 C24 D14 S24 (6.7%),H0 A0 B0 C32 D2 S32 (5.9%),H32 A0 B0 C2 D32 S0 (4.8%),H32 A0 B32 C0 D0 S0 (4.8%),H24 A0 B0 C10 D32 S0 (4.4%),H24 A0 B0 C6 D32 S4 (3.2%),H1 A0 B0 C32 D0 S32 (2.7%),H32 A0 B0 C32 D0 S2 (2.7%),
189,ケケンカニ,マッハパンチ (91.9%),アイスハンマー (84.6%),かみなりパンチ (80.9%),ドレインパンチ (74.2%),インファイト (22.4%),れいとうパンチ (15%),じしん (15%),ダストシュート (6.9%),ビルドアップ (4.9%),はたきおとす (1.6%),ケケンカニナイト (82.7%),きあいのタスキ (15.4%),いのちのたま (2%),,,,,,,,かいりきバサミ (62.6%),てつのこぶし (23.8%),いかりのつぼ (13.6%),いじっぱり (63.2%),ゆうかん (36.8%),,,,,,,,,H32 A32 B2 C0 D0 S0 (22%),H32 A32 B0 C0 D2 S0 (18.7%),H32 A32 B1 C0 D1 S0 (13.6%),H31 A32 B0 C0 D3 S0 (11.2%),H0 A32 B0 C0 D0 S32 (8.1%),H2 A32 B0 C0 D0 S32 (5.7%),H0 A32 B32 C0 D2 S0 (4.5%),H19 A32 B15 C0 D0 S0 (2.8%),H31 A32 B2 C0 D1 S0 (2.8%),H32 A32 B0 C0 D1 S0 (2.6%),
190,クレベース,じこさいせい (88.6%),ボディプレス (84.7%),てっぺき (57%),ミラーコート (39%),つららばり (36.7%),ゆきなだれ (33.9%),じしん (14.7%),アイススピナー (14.5%),こうそくスピン (8.6%),ヘビーボンバー (7.4%),ゴツゴツメット (43.6%),たべのこし (38%),オボンのみ (7.8%),せんせいのツメ (5.2%),ラムのみ (2.4%),たつじんのおび (1.8%),サイコシード (0.4%),カゴのみ (0.2%),とけないこおり (0.2%),ちからのハチマキ (0.2%),がんじょう (86.3%),アイスボディ (7.4%),マイペース (6.2%),わんぱく (47%),のんき (40.4%),いじっぱり (4.4%),のうてんき (3.8%),ゆうかん (2.6%),しんちょう (1%),ずぶとい (0.6%),なまいき (0.2%),,,H32 A2 B32 C0 D0 S0 (39.4%),H32 A0 B32 C0 D2 S0 (17.1%),H31 A3 B32 C0 D0 S0 (9.6%),H31 A0 B32 C0 D3 S0 (6.6%),H32 A0 B32 C0 D0 S2 (5.2%),H32 A32 B2 C0 D0 S0 (4.8%),H32 A0 B32 C0 D0 S0 (2.6%),H32 A1 B32 C0 D0 S0 (2.6%),H32 A4 B30 C0 D0 S0 (2.6%),H32 A28 B6 C0 D0 S0 (2%),
191,パンプジン普,おにび (71.9%),パワーウィップ (69.2%),トリックルーム (48%),ポルターガイスト (41.3%),やどりぎのタネ (40.4%),だいばくはつ (31.9%),かげうち (24.1%),のろい (21.4%),まもる (16.7%),イカサマ (10.7%),きあいのタスキ (37.3%),たべのこし (22.1%),ゴツゴツメット (13.2%),のろいのおふだ (11.2%),こうかくレンズ (5.8%),バコウのみ (5.6%),ノーマルジュエル (4%),フォーカスレンズ (0.7%),オッカのみ (0.2%),,ふみん (92.2%),おみとおし (7.8%),,わんぱく (38.4%),ゆうかん (36.6%),いじっぱり (16.3%),のんき (7.6%),ずぶとい (0.9%),しんちょう (0.2%),,,,,H32 A32 B2 C0 D0 S0 (26.1%),H32 A0 B32 C0 D2 S0 (21.4%),H32 A32 B0 C0 D2 S0 (15.4%),H31 A32 B3 C0 D0 S0 (11.2%),H32 A1 B32 C0 D0 S0 (8%),H31 A3 B32 C0 D0 S0 (5.8%),H32 A0 B32 C0 D0 S0 (5.4%),H31 A0 B32 C0 D3 S0 (4.7%),H32 A0 B2 C0 D32 S0 (0.9%),H32 A0 B18 C0 D16 S0 (0.4%),
192,ミカルゲ,イカサマ (75.9%),おにび (62.3%),トリックルーム (52.6%),のろい (38.4%),いたみわけ (28.7%),みちづれ (25.6%),おきみやげ (18.6%),たたりめ (17.3%),どくどく (14.8%),かげうち (13.4%),オボンのみ (44.5%),たべのこし (21.9%),ロゼルのみ (18.6%),メンタルハーブ (6%),きあいのタスキ (1.9%),ゴツゴツメット (1.9%),こだわりスカーフ (1.4%),くろいメガネ (1%),ひかりのこな (0.8%),いのちのたま (0.8%),すりぬけ (84.5%),プレッシャー (15.5%),,わんぱく (26%),のんき (22.5%),なまいき (21%),しんちょう (7.8%),おだやか (7.2%),ずぶとい (7%),ひかえめ (4.1%),いじっぱり (2.5%),おくびょう (1%),ゆうかん (0.8%),H32 A0 B32 C0 D2 S0 (38.1%),H32 A0 B2 C0 D32 S0 (17.3%),H32 A0 B12 C0 D22 S0 (10.7%),H31 A0 B32 C0 D3 S0 (4.1%),H0 A0 B0 C32 D32 S0 (3.5%),H32 A0 B32 C2 D0 S0 (3.1%),H28 A0 B26 C0 D12 S0 (2.7%),H32 A0 B12 C0 D21 S0 (2.5%),H31 A0 B11 C0 D24 S0 (2.3%),H2 A0 B32 C0 D32 S0 (2.1%),
193,クレベースＨ,ひょうざんおろし (73.2%),じしん (68%),ミラーコート (56.6%),ストーンエッジ (39.3%),こうそくスピン (26.1%),いわなだれ (20.7%),ロックブラスト (16.3%),こおりのキバ (16.3%),ボディプレス (16.1%),のろい (15.1%),フォーカスレンズ (22%),せんせいのツメ (19.8%),ラムのみ (14.1%),たべのこし (12.2%),こうかくレンズ (7.6%),とけないこおり (6.6%),レッドカード (3.9%),きあいのタスキ (3.7%),ゴツゴツメット (3.4%),たつじんのおび (3.2%),がんじょう (81.7%),がんじょうあご (17.1%),アイスボディ (1.2%),いじっぱり (49.5%),ゆうかん (25.9%),わんぱく (13.9%),ようき (4.6%),やんちゃ (4.1%),しんちょう (1%),のんき (0.7%),なまいき (0.2%),,,H2 A32 B32 C0 D0 S0 (27.1%),H0 A32 B32 C0 D0 S0 (15.1%),H1 A32 B1 C0 D0 S32 (8.8%),H31 A24 B11 C0 D0 S0 (6.6%),H0 A32 B2 C0 D0 S32 (4.6%),H32 A32 B2 C0 D0 S0 (4.6%),H0 A32 B0 C0 D0 S32 (3.4%),H1 A32 B0 C0 D1 S32 (3.4%),H2 A32 B0 C0 D0 S32 (2.9%),H32 A32 B0 C0 D2 S0 (2.7%),
194,ゴロンダ,バレットパンチ (73.7%),ほうふく (69.6%),インファイト (61.3%),ダストシュート (46.3%),ドレインパンチ (33.9%),ほのおのパンチ (25.8%),れいとうパンチ (23.5%),はたきおとす (9.6%),DDラリアット (9.6%),じごくづき (8.1%),きあいのタスキ (80.3%),いのちのたま (15.4%),ラムのみ (2%),たつじんのおび (1.5%),オボンのみ (0.8%),,,,,,きもったま (62.3%),てつのこぶし (29.6%),かたやぶり (8.1%),いじっぱり (82.5%),ゆうかん (13.2%),わんぱく (2.5%),ようき (1.3%),やんちゃ (0.5%),,,,,,H2 A32 B0 C0 D0 S32 (28.6%),H32 A32 B0 C0 D0 S2 (19.5%),H0 A32 B0 C0 D2 S32 (8.6%),H0 A32 B2 C0 D0 S32 (8.1%),H32 A32 B0 C0 D0 S0 (7.1%),H32 A32 B0 C0 D2 S0 (7.1%),H9 A32 B0 C0 D0 S25 (5.3%),H32 A32 B2 C0 D0 S0 (4.1%),H31 A32 B0 C0 D3 S0 (3.5%),H32 A2 B32 C0 D0 S0 (2.3%),
195,カモネギ,つじぎり (57.5%),ブレイブバード (52.1%),リーフブレード (48.3%),きりさく (44.1%),であいがしら (38.7%),つるぎのまい (34.9%),フェイント (32.1%),インファイト (25.2%),じたばた (15.1%),でんこうせっか (7.3%),ながねぎ (78.5%),きあいのタスキ (14.4%),こだわりスカーフ (4%),オボンのみ (0.9%),ゴツゴツメット (0.9%),いのちのたま (0.5%),グラスシード (0.5%),,,,まけんき (96.7%),するどいめ (2.8%),せいしんりょく (0.5%),いじっぱり (83.3%),ようき (12.3%),わんぱく (2.4%),せっかち (0.9%),ずぶとい (0.9%),さみしがり (0.2%),,,,,H2 A32 B0 C0 D0 S32 (64.2%),H16 A32 B7 C0 D0 S11 (14.9%),H32 A32 B2 C0 D0 S0 (3.1%),H0 A32 B2 C0 D0 S32 (2.8%),H8 A32 B0 C0 D0 S26 (2.8%),H0 A32 B0 C32 D2 S0 (2.4%),H32 A0 B0 C0 D0 S32 (2.1%),H32 A0 B20 C0 D14 S0 (1.9%),H0 A32 B0 C0 D0 S32 (1.4%),H32 A0 B2 C0 D0 S32 (1.2%),
196,モルペコ,オーラぐるま (100%),まもる (58.3%),がむしゃら (55.8%),でんこうせっか (48.6%),すてゼリフ (31.9%),きしかいせい (14.6%),サイコファング (13.1%),こうそくスピン (12.8%),ねこだまし (10.1%),ちょうはつ (10.1%),きあいのタスキ (84.7%),いのちのたま (7.2%),こだわりスカーフ (2.5%),ちからのハチマキ (2.2%),ふうせん (1.2%),タイレーツナイト (0.5%),おうじゃのしるし (0.2%),,,,はらぺこスイッチ (100%),,,いじっぱり (61.2%),ようき (33.8%),せっかち (1.7%),やんちゃ (1.2%),わんぱく (1%),おとなしい (0.7%),むじゃき (0.2%),,,,H2 A32 B0 C0 D0 S32 (46.4%),H0 A32 B2 C0 D0 S32 (13.8%),H0 A32 B0 C0 D0 S32 (12.3%),H0 A32 B0 C0 D2 S32 (11.1%),H0 A32 B1 C0 D1 S32 (10.1%),H2 A32 B0 C0 D32 S0 (2.2%),H0 A32 B0 C2 D0 S32 (1.7%),H0 A32 B32 C0 D0 S2 (1%),H0 A32 B0 C0 D32 S2 (0.7%),H0 A32 B0 C0 D1 S32 (0.2%),
197,ゾロアーク,ナイトバースト (95.1%),かえんほうしゃ (76.9%),ヘドロばくだん (57.2%),きあいだま (28.7%),ふいうち (25.7%),カウンター (19.9%),とんぼがえり (19.4%),トリック (16%),くさむすび (12.5%),おきみやげ (11.1%),こだわりスカーフ (48.4%),きあいのタスキ (39.8%),いのちのたま (4.6%),くろいメガネ (4.2%),ひかりのこな (2.1%),オボンのみ (0.5%),,,,,イリュージョン (100%),,,ひかえめ (58.3%),おくびょう (16.9%),おっとり (13%),むじゃき (8.6%),せっかち (1.4%),れいせい (1.4%),おだやか (0.2%),いじっぱり (0.2%),,,H2 A0 B0 C32 D0 S32 (54.6%),H7 A0 B0 C32 D0 S27 (22.7%),H0 A2 B0 C32 D0 S32 (10.2%),H0 A0 B2 C32 D0 S32 (2.3%),H0 A5 B0 C32 D0 S29 (2.1%),H0 A0 B0 C32 D2 S32 (1.9%),H32 A0 B0 C2 D0 S32 (1.9%),H30 A6 B0 C12 D16 S2 (1.4%),H0 A0 B0 C32 D0 S32 (0.5%),H0 A11 B0 C30 D0 S25 (0.5%),
198,ニャオニクス♂,リフレクター (67.9%),ひかりのかべ (59.9%),あくび (39%),サイコキネシス (27.6%),サイコフィールド (26.3%),みわくのボイス (23.6%),ワイドフォース (20.2%),まもる (19.6%),ねがいごと (17.8%),でんじは (15.4%),ひかりのねんど (54.1%),ニャオニクスナイト (14.9%),だっしゅつボタン (10.9%),グランドコート (7.4%),たつじんのおび (1.3%),オボンのみ (1.1%),,,,,いたずらごころ (97.9%),すりぬけ (2.1%),,ずぶとい (49.1%),ひかえめ (21.5%),おだやか (17.5%),おくびょう (10.1%),のんき (1.9%),,,,,,H32 A0 B14 C0 D20 S0 (19.4%),H2 A0 B0 C32 D0 S32 (15.4%),H0 A0 B32 C2 D32 S0 (13.8%),H32 A0 B32 C0 D2 S0 (12.7%),H32 A0 B24 C0 D10 S0 (10.6%),H32 A0 B7 C0 D27 S0 (7.4%),H10 A0 B0 C27 D0 S29 (6.1%),H32 A0 B0 C32 D0 S2 (5%),H0 A0 B0 C32 D2 S32 (2.9%),H0 A0 B0 C32 D0 S32 (2.1%),
199,カイリキー,バレットパンチ (74.5%),ばくれつパンチ (62%),ストーンエッジ (54.5%),れいとうパンチ (51.1%),アンコール (26.3%),はたきおとす (23.4%),だいもんじ (20.7%),きあいだま (18.6%),じしん (9.3%),どくづき (8.2%),せんせいのツメ (21.3%),いのちのたま (19.1%),きあいのタスキ (16.8%),こだわりスカーフ (16.8%),ウタンのみ (5.6%),たつじんのおび (5.1%),ラムのみ (4.3%),くろおび (3.2%),バコウのみ (2.9%),ロゼルのみ (2.1%),ノーガード (84.3%),こんじょう (15.7%),,いじっぱり (63.3%),ひかえめ (18.4%),ようき (14.9%),やんちゃ (2.1%),しんちょう (1.1%),れいせい (0.3%),,,,,H2 A32 B0 C0 D0 S32 (16.5%),H32 A32 B0 C0 D0 S2 (15.7%),H32 A0 B0 C32 D0 S2 (15.2%),H32 A32 B2 C0 D0 S0 (9.8%),H32 A32 B0 C0 D1 S1 (7.2%),H32 A32 B0 C0 D2 S0 (6.9%),H21 A32 B0 C0 D0 S13 (4.8%),H18 A0 B1 C32 D0 S15 (3.2%),H0 A32 B2 C0 D0 S32 (2.9%),H29 A32 B5 C0 D0 S0 (2.9%),
200,ライボルト,10まんボルト (90.5%),ボルトチェンジ (76.9%),オーバーヒート (71.7%),バークアウト (37.3%),みがわり (30.1%),かえんほうしゃ (28.6%),でんこうせっか (24.1%),まもる (14.3%),ライジングボルト (9.3%),ハイパーボイス (5%),ライボルトナイト (94.2%),こだわりスカーフ (3.8%),きあいのタスキ (1%),ふうせん (1%),,,,,,,ひらいしん (75.9%),せいでんき (22.8%),マイナス (1.3%),おくびょう (66.2%),ひかえめ (31.1%),むじゃき (2.8%),,,,,,,,H2 A0 B0 C32 D0 S32 (86%),H14 A0 B3 C18 D0 S31 (4.8%),H0 A0 B2 C32 D0 S32 (2.8%),H6 A0 B7 C32 D0 S21 (2.3%),H14 A0 B24 C15 D0 S13 (1.8%),H8 A0 B0 C32 D0 S26 (1%),H0 A0 B0 C32 D0 S32 (0.5%),H32 A0 B2 C32 D0 S0 (0.5%),H0 A0 B1 C32 D1 S32 (0.3%),H32 A0 B0 C2 D0 S32 (0.3%),
201,フォクスライ,あくのはどう (41.1%),しっとのほのお (39.2%),イカサマ (38.9%),バトンタッチ (31%),かげぶんしん (30.1%),メロメロ (29.9%),ちょうはつ (29.9%),ふいうち (29%),みがわり (23.1%),サイコキネシス (16.6%),きあいのタスキ (34.1%),レッドカード (26.8%),サイコシード (18.3%),ふうせん (10.4%),オボンのみ (6.2%),いのちのたま (1.7%),こだわりスカーフ (0.8%),グラスシード (0.8%),ロゼルのみ (0.6%),エレキシード (0.3%),かるわざ (60%),はりこみ (40%),,ひかえめ (36.3%),せっかち (29.9%),ようき (8.2%),いじっぱり (8.2%),わんぱく (5.6%),ずぶとい (2.8%),やんちゃ (2.5%),おくびょう (2%),おっとり (1.4%),なまいき (1.4%),H2 A0 B0 C0 D32 S32 (29.9%),H2 A0 B0 C32 D0 S32 (17.7%),H32 A0 B2 C32 D0 S0 (9.9%),H32 A0 B2 C0 D0 S32 (8.2%),H32 A0 B32 C0 D2 S0 (7.9%),H32 A32 B2 C0 D0 S0 (7.9%),H14 A0 B0 C32 D0 S20 (6.5%),H32 A0 B32 C0 D0 S2 (2.5%),H32 A32 B0 C2 D0 S0 (2.5%),H32 A0 B0 C32 D0 S2 (1.1%),
202,マホイップ,みわくのボイス (74.4%),めいそう (71.9%),じこさいせい (70.2%),とける (58.5%),マジカルフレイム (39.2%),エナジーボール (18.2%),サイコキネシス (18.2%),マジカルシャイン (10.2%),ギガドレイン (8.2%),アシストパワー (8%),たべのこし (54.5%),いのちのたま (22.4%),オボンのみ (9.1%),きあいのタスキ (4%),くろいてっきゅう (2.8%),リリバのみ (2.3%),おおきなねっこ (2%),カゴのみ (0.9%),ゴツゴツメット (0.9%),ようせいのハネ (0.9%),アロマベール (61.4%),スイートベール (38.6%),,ずぶとい (44.3%),おだやか (24.1%),れいせい (18.2%),ひかえめ (11.9%),なまいき (0.9%),のんき (0.6%),,,,,H32 A0 B32 C0 D2 S0 (25.6%),H24 A0 B10 C32 D0 S0 (18.2%),H32 A0 B2 C0 D32 S0 (16.8%),H31 A0 B32 C0 D3 S0 (4.3%),H32 A0 B2 C32 D0 S0 (4.3%),H3 A0 B0 C32 D0 S31 (4%),H32 A0 B32 C2 D0 S0 (3.4%),H31 A0 B18 C0 D17 S0 (2.6%),H31 A0 B15 C0 D20 S0 (2.6%),H2 A0 B32 C0 D32 S0 (2.3%),
203,ケンタロスP水,インファイト (90.7%),レイジングブル (87.8%),アクアジェット (56.4%),ワイルドボルト (38.8%),ウェーブタックル (32.4%),じしん (30.8%),がんせきふうじ (24%),ビルドアップ (12.5%),ボディプレス (7.1%),いわなだれ (6.1%),ちからのハチマキ (19.9%),しんぴのしずく (18.9%),いのちのたま (17.6%),こだわりスカーフ (12.2%),きあいのタスキ (9.9%),くろおび (6.7%),オボンのみ (5.8%),ゴツゴツメット (4.2%),たべのこし (3.2%),ラムのみ (0.6%),いかく (99%),いかりのつぼ (1%),,いじっぱり (65.7%),ようき (26.9%),わんぱく (7.1%),さみしがり (0.3%),,,,,,,H2 A32 B0 C0 D0 S32 (31.4%),H32 A32 B2 C0 D0 S0 (20.8%),H4 A30 B0 C0 D0 S32 (20.2%),H32 A32 B0 C0 D0 S2 (5.8%),H31 A32 B3 C0 D0 S0 (4.5%),H31 A0 B32 C0 D3 S0 (3.8%),H0 A32 B2 C0 D0 S32 (2.2%),H18 A32 B16 C0 D0 S0 (1.6%),H22 A32 B1 C0 D11 S0 (1.6%),H32 A0 B32 C0 D2 S0 (1.6%),
204,マッギョ,だいちのちから (86.6%),10まんボルト (83.6%),ステルスロック (62.7%),あくび (59.1%),ほうでん (39.7%),ふいうち (28.4%),じわれ (15.2%),イカサマ (8.4%),ねっとう (6.9%),でんじは (4.2%),オボンのみ (50.7%),きあいのハチマキ (24.5%),たべのこし (9.6%),ゴツゴツメット (4.5%),ひかりのこな (2.7%),フォーカスレンズ (2.7%),いのちのたま (2.4%),レッドカード (1.5%),イトケのみ (1.2%),せんせいのツメ (0.3%),せいでんき (91.9%),すなかくれ (5.1%),じゅうなん (3%),おだやか (70.7%),ずぶとい (17%),ひかえめ (10.4%),てれや (0.9%),のんき (0.6%),れいせい (0.3%),,,,,H31 A0 B22 C0 D13 S0 (25.1%),H31 A0 B3 C0 D32 S0 (20.6%),H31 A0 B4 C0 D31 S0 (10.4%),H32 A0 B2 C0 D32 S0 (10.4%),H32 A0 B32 C0 D2 S0 (6.3%),H32 A0 B16 C0 D1 S17 (5.7%),H32 A0 B2 C32 D0 S0 (4.8%),H31 A0 B32 C0 D3 S0 (4.2%),H31 A0 B10 C25 D0 S0 (3.9%),H27 A0 B7 C32 D0 S0 (2.4%),
205,ジジーロン,はねやすめ (69.9%),10まんボルト (67.1%),りゅうせいぐん (61.7%),エナジーボール (46.2%),かえんほうしゃ (42.1%),りゅうのはどう (32.9%),ハイパーボイス (24.1%),トライアタック (13.9%),ドわすれ (11.1%),だいちのちから (8.2%),ジジーロナイト (93.4%),オボンのみ (2.2%),せんせいのツメ (1.6%),レッドカード (1.3%),きあいのタスキ (0.9%),たべのこし (0.6%),,,,,ぎゃくじょう (93.4%),ノーてんき (5.4%),そうしょく (1.3%),れいせい (70.9%),ひかえめ (23.1%),ずぶとい (6%),,,,,,,,H32 A0 B2 C32 D0 S0 (51.3%),H32 A0 B0 C32 D2 S0 (13%),H32 A0 B2 C0 D32 S0 (11.1%),H32 A0 B32 C0 D2 S0 (6%),H32 A0 B4 C30 D0 S0 (3.5%),H30 A0 B16 C10 D10 S0 (2.8%),H32 A0 B1 C32 D1 S0 (2.8%),H2 A0 B0 C32 D32 S0 (2.5%),H32 A0 B0 C32 D0 S2 (1.6%),H31 A0 B3 C32 D0 S0 (1.3%),
206,リーフィア,やどりぎのタネ (63.7%),こうごうせい (45.3%),あくび (36.9%),はたきおとす (36.3%),あまえる (35.7%),リーフブレード (32.4%),くさわけ (28.8%),ソーラーブレード (28.2%),にほんばれ (21.6%),みきり (14.7%),ゴツゴツメット (37.5%),たべのこし (24.6%),いのちのたま (16.2%),ちからのハチマキ (7.2%),オボンのみ (4.5%),あついいわ (3.6%),きせきのタネ (3.3%),ラムのみ (2.1%),こだわりスカーフ (0.6%),きあいのタスキ (0.3%),ようりょくそ (84.7%),リーフガード (15.3%),,わんぱく (73.9%),いじっぱり (21.6%),ずぶとい (2.1%),ようき (1.8%),さみしがり (0.6%),,,,,,H31 A0 B32 C0 D0 S3 (30.3%),H31 A3 B32 C0 D0 S0 (14.7%),H1 A32 B1 C0 D0 S32 (9.6%),H20 A15 B16 C0 D0 S15 (7.2%),H32 A2 B32 C0 D0 S0 (6.3%),H32 A0 B32 C0 D2 S0 (6%),H32 A0 B32 C0 D0 S2 (5.7%),H32 A32 B0 C0 D0 S2 (5.1%),H31 A32 B0 C0 D0 S3 (3.9%),H32 A0 B0 C0 D32 S0 (3.3%),
207,カミツオロチ,きまぐレーザー (77.5%),だいちのちから (64.2%),リーフストーム (50%),ふいうち (47.3%),じこさいせい (39.3%),あくび (32%),ギガドレイン (30.8%),まもる (16.9%),りゅうせいぐん (13%),まとわりつく (13%),きあいのタスキ (28.7%),たべのこし (24%),ハバンのみ (12.7%),いのちのたま (9.8%),ゴツゴツメット (5%),しめつけバンド (5%),ヤチェのみ (3.3%),せんせいのツメ (2.7%),バコウのみ (1.8%),だっしゅつボタン (1.8%),さいせいりょく (96.4%),かんろなミツ (3.6%),,ひかえめ (47%),ずぶとい (29.6%),れいせい (11.8%),おだやか (5%),のんき (5%),なまいき (0.9%),せっかち (0.6%),,,,H32 A0 B32 C0 D2 S0 (13.6%),H4 A0 B0 C30 D2 S30 (12.7%),H2 A0 B0 C32 D0 S32 (8.3%),H32 A0 B0 C32 D0 S2 (7.7%),H29 A0 B32 C0 D5 S0 (6.8%),H32 A0 B0 C32 D2 S0 (5.3%),H32 A0 B32 C2 D0 S0 (5%),H2 A0 B0 C32 D32 S0 (4.7%),H32 A0 B1 C2 D31 S0 (3.8%),H32 A0 B2 C32 D0 S0 (3%),
208,ロトム氷,ふぶき (97.9%),ボルトチェンジ (70.6%),おにび (59.7%),10まんボルト (47.9%),トリック (28.5%),いたみわけ (26.4%),あくのはどう (13.3%),ポルターガイスト (11.8%),でんじは (10%),わるだくみ (9.1%),こだわりスカーフ (29.7%),オボンのみ (21.2%),こうかくレンズ (14.5%),きあいのタスキ (13.9%),たべのこし (7.3%),いのちのたま (5.2%),じしゃく (3%),ヨプのみ (2.1%),フォーカスレンズ (1.5%),せんせいのツメ (1.2%),ふゆう (100%),,,ひかえめ (56.4%),おくびょう (22.7%),ずぶとい (11.8%),おだやか (7%),のんき (1.5%),れいせい (0.6%),,,,,H2 A0 B0 C32 D0 S32 (30%),H0 A0 B32 C32 D2 S0 (11.8%),H32 A0 B0 C32 D2 S0 (7.9%),H32 A0 B32 C0 D1 S1 (6.4%),H32 A0 B32 C0 D2 S0 (6.4%),H26 A0 B16 C1 D23 S0 (5.8%),H32 A0 B32 C2 D0 S0 (4.5%),H32 A0 B0 C32 D0 S2 (4.2%),H32 A0 B0 C5 D29 S0 (3%),H0 A0 B32 C2 D32 S0 (2.7%),
209,ヌメルゴン,かえんほうしゃ (70.3%),10まんボルト (46.1%),りゅうせいぐん (39%),アシッドボム (30.3%),りゅうのはどう (27.7%),れいとうビーム (24.5%),ヘドロウェーブ (22.9%),ねっとう (15.2%),だいもんじ (14.5%),どくどく (14.5%),たべのこし (48.1%),オボンのみ (19.4%),たつじんのおび (12.6%),いのちのたま (10.6%),せんせいのツメ (5.5%),ラムのみ (1%),ハバンのみ (1%),しろいハーブ (0.6%),ものしりメガネ (0.6%),カゴのみ (0.3%),ぬめぬめ (54.8%),そうしょく (31%),うるおいボディ (14.2%),ひかえめ (39.4%),おだやか (31%),なまいき (13.9%),ずぶとい (13.2%),れいせい (2.6%),,,,,,H32 A0 B2 C0 D32 S0 (21%),H32 A0 B0 C32 D0 S2 (18.4%),H19 A0 B0 C15 D32 S0 (9.4%),H32 A0 B0 C2 D32 S0 (9%),H32 A0 B0 C32 D2 S0 (7.1%),H0 A0 B2 C32 D32 S0 (6.1%),H31 A0 B3 C32 D0 S0 (3.5%),H32 A0 B32 C0 D2 S0 (3.5%),H32 A0 B4 C0 D30 S0 (3.2%),H32 A0 B2 C32 D0 S0 (2.9%),
210,アーボック,へびにらみ (71.8%),どくびし (71.5%),ドラゴンテール (55%),ダストシュート (38.8%),いたみわけ (26.5%),こおりのキバ (23.9%),どくどく (18.4%),どくづき (17.2%),すりかえ (16.5%),まもる (11.7%),きあいのタスキ (27.5%),オボンのみ (22.3%),こだわりスカーフ (16.5%),シュカのみ (14.2%),たべのこし (7.8%),ふうせん (5.8%),しめつけバンド (2.3%),ラムのみ (1.6%),ゴツゴツメット (1.3%),だっしゅつボタン (0.6%),いかく (96.1%),だっぴ (3.9%),,しんちょう (27.5%),ようき (26.2%),わんぱく (26.2%),いじっぱり (18.4%),ずぶとい (1.6%),,,,,,H2 A32 B0 C0 D0 S32 (16.5%),H32 A0 B2 C0 D32 S0 (14.9%),H32 A0 B2 C0 D0 S32 (14.6%),H32 A0 B32 C0 D2 S0 (13.6%),H32 A0 B0 C0 D31 S3 (12%),H0 A0 B32 C0 D2 S32 (10.7%),H32 A0 B32 C0 D0 S2 (7.1%),H32 A2 B32 C0 D0 S0 (4.5%),H0 A32 B2 C0 D32 S0 (1.6%),H24 A1 B30 C0 D8 S3 (1.3%),
211,レントラー,ボルトチェンジ (65.2%),こおりのキバ (61.5%),サンダーダイブ (44.9%),ばかぢから (35.1%),ワイルドボルト (34.8%),でんこうせっか (34.5%),つぶらなひとみ (34.1%),サイコファング (20.6%),バークアウト (14.2%),ほのおのキバ (9.8%),オボンのみ (48%),ゴツゴツメット (20.3%),シュカのみ (12.8%),たつじんのおび (8.1%),いのちのたま (3.7%),だっしゅつボタン (2.4%),きあいのタスキ (1.7%),ひかりのねんど (1.4%),たべのこし (1%),ふうせん (0.7%),いかく (95.3%),こんじょう (4.7%),,いじっぱり (48.6%),わんぱく (22.3%),のんき (15.2%),ずぶとい (6.1%),しんちょう (4.1%),おだやか (2.4%),ようき (1.4%),,,,H32 A18 B14 C0 D2 S0 (20.9%),H32 A30 B0 C0 D4 S0 (14.2%),H32 A2 B32 C0 D0 S0 (10.8%),H2 A32 B0 C0 D0 S32 (10.1%),H20 A26 B0 C0 D20 S0 (8.1%),H32 A32 B1 C0 D1 S0 (8.1%),H15 A32 B0 C0 D0 S19 (5.4%),H2 A32 B0 C0 D32 S0 (4.1%),H32 A0 B32 C0 D2 S0 (4.1%),H28 A7 B31 C0 D0 S0 (3.7%),
212,サンダース,ボルトチェンジ (69.6%),10まんボルト (58.9%),みわくのボイス (57.1%),シャドーボール (29.5%),あくび (26.2%),ウェザーボール (25.9%),まねっこ (14.9%),みがわり (12.8%),エレキフィールド (11.9%),ライジングボルト (11%),じしゃく (37.8%),きあいのタスキ (17.3%),いのちのたま (12.2%),こだわりスカーフ (11.3%),ふうせん (6%),オボンのみ (4.5%),おうじゃのしるし (4.5%),たべのこし (3%),ひかりのこな (1.5%),エレキシード (1.2%),ちくでん (93.2%),はやあし (6.8%),,おくびょう (80.4%),ひかえめ (15.8%),おだやか (3.6%),うっかりや (0.3%),,,,,,,H2 A0 B0 C32 D0 S32 (39.3%),H3 A0 B5 C32 D0 S26 (19.6%),H1 A0 B1 C32 D0 S32 (12.2%),H0 A0 B2 C32 D0 S32 (5.1%),H0 A0 B0 C32 D2 S32 (3.9%),H32 A0 B2 C0 D32 S0 (3.6%),H8 A0 B0 C32 D0 S26 (3.3%),H27 A0 B14 C0 D0 S25 (3%),H32 A0 B0 C2 D0 S32 (2.1%),H0 A0 B0 C32 D1 S32 (1.5%),
213,バクフーン,ふんか (74.2%),ねっさのだいち (64%),もえつきる (49.7%),シャドーボール (44.1%),かえんほうしゃ (30.7%),がむしゃら (22.7%),きあいだま (20.8%),でんこうせっか (16.8%),じんつうりき (11.5%),フレアドライブ (9%),こだわりスカーフ (66.8%),きあいのタスキ (29.2%),いのちのたま (3.1%),たべのこし (0.3%),もくたん (0.3%),たつじんのおび (0.3%),,,,,もらいび (78.9%),もうか (21.1%),,おくびょう (43.5%),ひかえめ (36%),うっかりや (7.1%),ようき (5.9%),いじっぱり (3.1%),せっかち (2.2%),おとなしい (1.9%),さみしがり (0.3%),,,H2 A0 B0 C32 D0 S32 (47.8%),H0 A0 B2 C32 D0 S32 (12.1%),H2 A32 B0 C0 D0 S32 (9%),H11 A21 B0 C31 D0 S3 (6.5%),H0 A0 B0 C32 D2 S32 (5.3%),H22 A0 B1 C11 D0 S32 (5.3%),H5 A0 B4 C27 D1 S29 (5%),H4 A0 B0 C32 D0 S30 (3.4%),H0 A0 B0 C32 D32 S2 (1.9%),H0 A2 B0 C32 D0 S32 (1.9%),
214,ニャイキング,アイアンヘッド (68.5%),ねこだまし (65.1%),ステルスロック (51%),メタルバースト (38.6%),インファイト (29.2%),とんぼがえり (19.1%),ジャイロボール (14.4%),はたきおとす (14.1%),じゃれつく (11.4%),つるぎのまい (10.4%),きあいのタスキ (33.2%),ふうせん (15.8%),オボンのみ (15.1%),ちからのハチマキ (8.4%),メタルコート (7%),いのちのたま (6.7%),ゴツゴツメット (6.4%),たべのこし (2%),たつじんのおび (1.3%),くろいてっきゅう (1.3%),はがねのせいしん (46%),かたいツメ (42.6%),カブトアーマー (11.4%),いじっぱり (34.9%),ゆうかん (30.2%),なまいき (9.7%),やんちゃ (7.4%),わんぱく (5.7%),おくびょう (5%),のんき (4.7%),しんちょう (2%),ようき (0.3%),,H32 A32 B0 C0 D2 S0 (36.9%),H32 A0 B2 C0 D32 S0 (11.1%),H2 A32 B0 C0 D0 S32 (9.1%),H30 A20 B13 C0 D3 S0 (6.7%),H32 A32 B0 C0 D0 S2 (6%),H0 A0 B2 C32 D0 S32 (5%),H32 A0 B32 C0 D2 S0 (4.7%),H32 A32 B2 C0 D0 S0 (4.7%),H0 A32 B15 C0 D0 S19 (3%),H2 A32 B32 C0 D0 S0 (3%),
215,ロトム飛,エアスラッシュ (83.9%),おにび (60.3%),10まんボルト (51.5%),ボルトチェンジ (46.9%),トリック (35.4%),ほうでん (23%),シャドーボール (16.1%),にほんばれ (14.4%),てだすけ (14.4%),わるだくみ (12.5%),こだわりスカーフ (35.4%),オボンのみ (25.2%),たべのこし (20.7%),じしゃく (15.1%),ひかりのこな (1.6%),ラムのみ (1%),カゴのみ (0.7%),こうかくレンズ (0.3%),,,ふゆう (100%),,,ひかえめ (42.6%),おくびょう (32.8%),ずぶとい (12.5%),おだやか (12.1%),,,,,,,H0 A0 B17 C0 D17 S32 (14.4%),H32 A0 B0 C12 D22 S0 (13.1%),H32 A0 B16 C0 D18 S0 (11.8%),H2 A0 B0 C32 D0 S32 (9.8%),H0 A0 B1 C32 D2 S31 (6.9%),H32 A0 B24 C1 D0 S9 (6.6%),H32 A0 B2 C32 D0 S0 (5.2%),H0 A0 B0 C32 D0 S32 (4.3%),H32 A0 B16 C0 D8 S10 (4.3%),H0 A0 B32 C0 D2 S32 (3.6%),
216,ゴルーグ,ぶちかまし (81.4%),ポルターガイスト (70.2%),れいとうパンチ (42.1%),ほのおのパンチ (37.5%),がんせきふうじ (21.4%),ばくれつパンチ (19.6%),かみなりパンチ (12.6%),じばく (11.9%),なげつける (11.6%),みがわり (11.2%),ゴルーグナイト (42.8%),きあいのタスキ (21.4%),でんきだま (11.6%),せんせいのツメ (7%),たつじんのおび (6%),こだわりスカーフ (3.9%),ゴツゴツメット (3.5%),しろいハーブ (1.8%),くろいてっきゅう (1.1%),いのちのたま (0.7%),てつのこぶし (74%),ノーガード (22.8%),ぶきよう (3.2%),いじっぱり (50.9%),ゆうかん (23.2%),ようき (18.9%),わんぱく (4.9%),しんちょう (2.1%),,,,,,H31 A32 B2 C0 D1 S0 (15.4%),H0 A32 B17 C0 D17 S0 (14.7%),H2 A32 B0 C0 D32 S0 (7.7%),H19 A32 B0 C0 D0 S15 (7.4%),H1 A32 B1 C0 D0 S32 (7%),H2 A0 B0 C0 D32 S32 (6.7%),H32 A32 B2 C0 D0 S0 (6.3%),H32 A0 B1 C0 D1 S32 (4.9%),H0 A32 B10 C0 D0 S24 (4.2%),H31 A16 B19 C0 D0 S0 (3.2%),
217,タイレーツ,インファイト (89.8%),はいすいのじん (61.8%),どくづき (55.5%),であいがしら (41.7%),じごくづき (39.4%),10まんばりき (29.5%),アイアンヘッド (28.7%),はたきおとす (17.3%),いわなだれ (16.5%),ボディプレス (7.9%),タイレーツナイト (63%),こだわりスカーフ (34.6%),きあいのタスキ (2%),,,,,,,,まけんき (99.2%),カブトアーマー (0.8%),,いじっぱり (52.8%),やんちゃ (28.3%),ようき (16.1%),さみしがり (2%),わんぱく (0.8%),,,,,,H2 A32 B0 C0 D0 S32 (79.5%),H1 A1 B32 C0 D0 S32 (7.1%),H13 A32 B0 C0 D0 S21 (4.3%),H1 A32 B1 C0 D0 S32 (3.9%),H32 A32 B0 C0 D2 S0 (2.4%),H31 A0 B32 C0 D3 S0 (0.8%),H1 A32 B0 C0 D1 S32 (0.4%),H9 A31 B0 C0 D0 S26 (0.4%),H11 A30 B0 C0 D0 S25 (0.4%),H13 A32 B1 C0 D0 S20 (0.4%),
218,フラージェス,めいそう (77.5%),ムーンフォース (73.9%),こうごうせい (53.3%),ギガドレイン (33.7%),ねがいごと (33.7%),バトンタッチ (28.3%),ドレインキッス (28.3%),ひやみず (15.2%),まもる (13.8%),あまえる (10.1%),たべのこし (56.2%),おおきなねっこ (21%),オボンのみ (13%),ゴツゴツメット (4.7%),グラスシード (2.9%),ようせいのハネ (1.8%),たつじんのおび (0.4%),,,,フラワーベール (94.2%),きょうせい (5.8%),,おだやか (66.3%),ずぶとい (29%),ひかえめ (3.6%),おくびょう (1.1%),,,,,,,H32 A0 B32 C0 D0 S0 (15.2%),H0 A0 B32 C32 D2 S0 (12.7%),H32 A0 B0 C2 D32 S0 (12%),H32 A0 B2 C0 D32 S0 (9.8%),H32 A0 B18 C0 D16 S0 (6.5%),H32 A0 B32 C2 D0 S0 (6.5%),H32 A0 B26 C0 D0 S8 (5.8%),H32 A0 B8 C0 D26 S0 (3.6%),H32 A0 B28 C0 D6 S0 (2.9%),H32 A0 B4 C6 D23 S0 (2.2%),
219,フレフワン,ムーンフォース (80.9%),トリックルーム (65.8%),ミストバースト (61.1%),10まんボルト (51%),リフレクター (41.2%),ラスターカノン (34.2%),ドレインキッス (31.9%),アンコール (19.5%),かなしばり (4.7%),エナジーボール (4.3%),リリバのみ (39.3%),ようせいのハネ (10.9%),たべのこし (7%),いのちのたま (4.3%),オボンのみ (3.9%),ひかりのねんど (2.7%),,,,,アロマベール (97.7%),いやしのこころ (2.3%),,れいせい (73.9%),ずぶとい (19.1%),のんき (4.7%),ひかえめ (2.3%),,,,,,,H31 A0 B3 C32 D0 S0 (73.9%),H31 A0 B32 C0 D3 S0 (19.5%),H32 A0 B18 C0 D16 S0 (4.3%),H0 A0 B2 C32 D0 S32 (2.3%),,,,,,,
220,トリデプス,じわれ (85.7%),メタルバースト (76.6%),ステルスロック (72.5%),ほえる (61.9%),まもる (20.8%),イカサマ (18.1%),ボディプレス (15.5%),うちおとす (13.2%),ねむる (10.6%),てっぺき (4.2%),たべのこし (32.5%),ゴツゴツメット (28.3%),オボンのみ (25.3%),カゴのみ (9.1%),レッドカード (2.3%),イトケのみ (1.1%),ふうせん (1.1%),オッカのみ (0.4%),,,がんじょう (74.7%),ぼうおん (25.3%),,ずぶとい (40.8%),おだやか (11.7%),しんちょう (11.3%),のんき (11.3%),わんぱく (10.6%),なまいき (8.3%),ゆうかん (3.8%),いじっぱり (2.3%),,,H32 A0 B2 C0 D32 S0 (73.6%),H32 A0 B32 C0 D2 S0 (14.3%),H32 A32 B0 C0 D0 S0 (3.4%),H10 A0 B32 C0 D24 S0 (2.3%),H32 A32 B0 C0 D2 S0 (2.3%),H2 A0 B32 C0 D32 S0 (1.9%),H32 A2 B32 C0 D0 S0 (1.5%),H0 A32 B32 C0 D2 S0 (0.4%),H32 A0 B22 C0 D12 S0 (0.4%),,
221,ニャオニクス♀,みわくのボイス (93.2%),あくのはどう (67.9%),サイコキネシス (65.5%),わるだくみ (55.3%),10まんボルト (45.4%),ワイドフォース (34.1%),くさわけ (6.8%),シャドーボール (5.8%),あまえる (4.1%),ひかりのかべ (3.8%),ニャオニクスナイト (96.2%),ひかりのねんど (3.8%),,,,,,,,,かちき (100%),,,おくびょう (93.9%),ひかえめ (6.1%),,,,,,,,,H2 A0 B0 C32 D0 S32 (77.8%),H0 A0 B1 C32 D1 S32 (8.9%),H26 A0 B10 C1 D0 S29 (5.1%),H32 A0 B2 C0 D0 S32 (3.8%),H0 A0 B2 C32 D0 S32 (0.7%),H3 A0 B0 C32 D0 S31 (0.7%),H20 A0 B0 C13 D4 S29 (0.7%),H22 A0 B0 C11 D1 S32 (0.7%),H0 A0 B0 C32 D2 S32 (0.3%),H1 A0 B1 C32 D0 S32 (0.3%),
222,オーロット,やどりぎのタネ (92.1%),おにび (86.4%),ウッドホーン (80.7%),まもる (47.8%),のろい (28.1%),ポルターガイスト (21.5%),みがわり (11.4%),はたきおとす (7.5%),はいよるいちげき (6.6%),トリックルーム (5.7%),オボンのみ (86.8%),たべのこし (5.7%),きあいのタスキ (5.3%),カゴのみ (2.2%),,,,,,,しゅうかく (88.2%),おみとおし (6.1%),しぜんかいふく (5.7%),わんぱく (76.8%),しんちょう (11.4%),いじっぱり (5.7%),ゆうかん (4.8%),おだやか (1.3%),,,,,,H31 A0 B32 C0 D3 S0 (22.8%),H32 A14 B20 C0 D0 S0 (16.2%),H32 A0 B32 C0 D2 S0 (13.2%),H30 A0 B24 C0 D12 S0 (11%),H32 A0 B2 C0 D32 S0 (7.5%),H32 A2 B0 C0 D32 S0 (7%),H31 A0 B3 C0 D32 S0 (3.9%),H32 A0 B24 C0 D10 S0 (3.1%),H32 A32 B0 C0 D2 S0 (3.1%),H31 A32 B0 C0 D3 S0 (2.6%),
223,ガチゴラス,もろはのずつき (94.4%),じしん (64.4%),げきりん (39.3%),りゅうのまい (34.5%),ほのおのキバ (28.1%),インファイト (23.2%),こおりのキバ (19.9%),スケイルショット (17.6%),つのドリル (14.6%),アイアンヘッド (11.2%),こだわりスカーフ (37.8%),きあいのタスキ (16.5%),いのちのたま (14.6%),オボンのみ (9.4%),こうかくレンズ (8.2%),フォーカスレンズ (7.1%),ゴツゴツメット (2.6%),たべのこし (2.2%),ラムのみ (1.1%),たつじんのおび (0.4%),いしあたま (80.9%),がんじょうあご (19.1%),,ようき (50.2%),いじっぱり (39.7%),のんき (7.1%),わんぱく (2.6%),さみしがり (0.4%),,,,,,H2 A32 B0 C0 D0 S32 (28.1%),H32 A32 B0 C0 D0 S2 (16.5%),H0 A32 B0 C0 D0 S32 (12.7%),H32 A32 B0 C0 D2 S0 (10.1%),H0 A32 B32 C0 D2 S0 (7.1%),H2 A0 B0 C32 D0 S32 (7.1%),H0 A32 B1 C0 D1 S32 (6.7%),H2 A32 B32 C0 D0 S0 (3%),H4 A30 B0 C0 D0 S32 (2.6%),H32 A32 B2 C0 D0 S0 (2.6%),
224,サダイジャ,じしん (72.7%),へびにらみ (60.6%),ステルスロック (58.4%),がむしゃら (44.6%),ちいさくなる (34.2%),ねむる (20.8%),どろかけ (19.9%),すなあらし (17.7%),とぐろをまく (15.2%),ストーンエッジ (14.3%),きあいのタスキ (45%),ひかりのこな (18.2%),たべのこし (13.4%),だっしゅつボタン (5.6%),ピントレンズ (5.2%),さらさらいわ (5.2%),オボンのみ (3.5%),せんせいのツメ (2.2%),しめつけバンド (1.3%),ゴツゴツメット (0.4%),すなはき (59.3%),だっぴ (22.9%),すなかくれ (17.7%),わんぱく (42.9%),しんちょう (25.5%),ようき (19%),いじっぱり (12.6%),,,,,,,H2 A32 B0 C0 D0 S32 (20.8%),H32 A0 B32 C0 D2 S0 (19.9%),H0 A8 B29 C0 D0 S29 (13.9%),H32 A2 B0 C0 D32 S0 (9.1%),H32 A0 B2 C0 D32 S0 (8.2%),H0 A32 B0 C0 D1 S32 (5.6%),H0 A23 B29 C0 D0 S14 (4.3%),H28 A6 B0 C0 D32 S0 (2.6%),H2 A0 B32 C0 D32 S0 (2.2%),H32 A0 B17 C0 D17 S0 (2.2%),
225,ツンベアー,つららおとし (97.4%),じしん (80.4%),インファイト (36.1%),アクアブレイク (35.2%),アクアジェット (30%),ゆきげしき (22.6%),いわなだれ (19.1%),ストーンエッジ (15.7%),ヘビーボンバー (15.2%),つるぎのまい (11.3%),いのちのたま (35.2%),たつじんのおび (21.7%),きあいのタスキ (8.7%),こだわりスカーフ (6.5%),ラムのみ (3%),くろおび (2.6%),オボンのみ (0.4%),ちからのハチマキ (0.4%),レッドカード (0.4%),,ゆきかき (52.2%),すいすい (47.8%),,ようき (51.3%),いじっぱり (46.1%),ゆうかん (1.7%),さみしがり (0.4%),しんちょう (0.4%),,,,,,H2 A32 B0 C0 D0 S32 (61.7%),H1 A32 B1 C0 D0 S32 (20%),H1 A32 B0 C0 D1 S32 (7%),H0 A32 B2 C0 D0 S32 (4.3%),H1 A32 B0 C0 D0 S32 (2.2%),H32 A32 B2 C0 D0 S0 (1.7%),H0 A32 B0 C0 D1 S32 (0.9%),H0 A32 B0 C0 D2 S32 (0.9%),H1 A32 B9 C0 D0 S24 (0.9%),H32 A32 B0 C0 D2 S0 (0.4%),
226,ジュナイパー,リーフブレード (64.1%),かげぬい (59.8%),のろい (50.7%),はねやすめ (39.7%),かげうち (32.1%),ポルターガイスト (26.8%),おいかぜ (24.9%),とんぼがえり (24.4%),きりばらい (21.5%),つるぎのまい (16.3%),たべのこし (30.6%),オボンのみ (25.4%),きあいのタスキ (17.2%),のろいのおふだ (14.8%),いのちのたま (6.2%),カゴのみ (1.9%),こだわりスカーフ (1.4%),ゴツゴツメット (1.4%),オッカのみ (0.5%),バコウのみ (0.5%),どんかん (85.6%),しんりょく (14.4%),,しんちょう (33%),いじっぱり (22.5%),ようき (17.7%),ずぶとい (13.4%),わんぱく (12.9%),やんちゃ (0.5%),,,,,H32 A0 B22 C12 D0 S0 (13.4%),H2 A32 B0 C0 D0 S32 (12%),H30 A13 B0 C0 D23 S0 (11.5%),H32 A1 B0 C0 D32 S1 (11%),H32 A0 B2 C0 D32 S0 (10%),H32 A2 B0 C0 D32 S0 (9.1%),H17 A32 B0 C0 D0 S17 (6.2%),H32 A1 B32 C0 D0 S1 (5.3%),H19 A13 B24 C0 D10 S0 (4.3%),H32 A32 B2 C0 D0 S0 (3.8%),
227,レパルダス,アンコール (71.4%),イカサマ (69.9%),まねっこ (58.3%),まもる (44.7%),あくび (28.2%),でんじは (24.3%),ちょうはつ (23.3%),あまえる (18.4%),ねこだまし (12.1%),みがわり (10.2%),オボンのみ (29.6%),きあいのタスキ (24.8%),たべのこし (15.5%),ひかりのこな (9.7%),ノーマルジュエル (4.9%),しろいハーブ (3.9%),いのちのたま (3.9%),メンタルハーブ (2.4%),だっしゅつボタン (2.4%),カゴのみ (1%),いたずらごころ (96.1%),かるわざ (3.9%),,のんき (34%),ずぶとい (20.4%),ようき (12.1%),むじゃき (11.2%),いじっぱり (11.2%),わんぱく (4.4%),おくびょう (2.4%),やんちゃ (2.4%),ゆうかん (1%),のうてんき (1%),H32 A0 B32 C0 D2 S0 (57.8%),H2 A32 B0 C0 D0 S32 (12.1%),H32 A0 B2 C0 D0 S32 (6.3%),H22 A0 B0 C0 D12 S32 (4.9%),H6 A0 B30 C0 D30 S0 (3.9%),H32 A32 B0 C0 D0 S2 (3.9%),H0 A32 B0 C32 D0 S2 (2.4%),H32 A0 B1 C0 D1 S32 (2.4%),H32 A0 B32 C0 D0 S2 (1.9%),H6 A32 B28 C0 D0 S0 (1.5%),
228,ブースター,フレアドライブ (87.2%),でんこうせっか (46.5%),ねがいごと (37.2%),おにび (35.4%),あくび (31%),ばかぢから (30.1%),みきり (23.9%),ニトロチャージ (23.9%),くさわけ (19.5%),オーバーヒート (12.8%),もくたん (61.1%),きあいのタスキ (12.8%),オボンのみ (11.5%),ふうせん (5.3%),たべのこし (3.1%),せんせいのツメ (1.8%),シュカのみ (1.3%),ノーマルジュエル (1.3%),こだわりスカーフ (0.9%),ちからのハチマキ (0.4%),もらいび (86.7%),こんじょう (13.3%),,いじっぱり (27.4%),しんちょう (24.3%),ようき (18.1%),さみしがり (12.8%),ずぶとい (5.3%),ひかえめ (4%),おだやか (3.1%),なまいき (2.2%),せっかち (0.9%),わんぱく (0.9%),H1 A32 B1 C0 D0 S32 (18.1%),H20 A16 B15 C0 D0 S15 (11.1%),H31 A32 B0 C0 D0 S3 (8.4%),H31 A0 B3 C0 D32 S0 (8%),H9 A23 B0 C10 D0 S24 (7.1%),H1 A32 B0 C0 D1 S32 (6.6%),H31 A0 B28 C0 D1 S6 (6.6%),H31 A0 B31 C0 D1 S3 (5.3%),H32 A0 B32 C0 D1 S1 (5.3%),H32 A0 B1 C32 D0 S1 (4%),
229,アリアドス,ねばねばネット (97.6%),どくのいと (74.7%),であいがしら (52.6%),どくびし (35.7%),ふいうち (35.3%),どくどく (19.3%),はたきおとす (17.7%),とびかかる (13.3%),どくづき (10%),じだんだ (10%),きあいのタスキ (89.6%),オボンのみ (4%),せんせいのツメ (1.2%),ウタンのみ (0.8%),ぎんのこな (0.8%),だっしゅつボタン (0.8%),バコウのみ (0.4%),,,,ふみん (85.5%),むしのしらせ (10.4%),スナイパー (4%),ようき (45.4%),いじっぱり (40.6%),わんぱく (9.6%),むじゃき (3.2%),おくびょう (0.4%),れいせい (0.4%),ずぶとい (0.4%),,,,H2 A32 B0 C0 D0 S32 (41%),H0 A32 B2 C0 D0 S32 (10.4%),H32 A0 B2 C0 D0 S32 (10.4%),H32 A0 B32 C0 D2 S0 (9.6%),H1 A32 B0 C0 D0 S32 (8%),H0 A32 B0 C0 D0 S32 (4.8%),H13 A0 B21 C0 D32 S0 (4.4%),H32 A32 B2 C0 D0 S0 (2.4%),H2 A32 B32 C0 D0 S0 (1.2%),H4 A32 B0 C0 D0 S30 (1.2%),
230,エモンガ,ほっぺすりすり (81.8%),ちょうはつ (55%),アンコール (54.1%),エアスラッシュ (38.3%),あまえる (28.2%),ボルトチェンジ (23.4%),はねやすめ (23%),10まんボルト (15.3%),エナジーボール (13.9%),ほうでん (12.4%),きあいのタスキ (34.4%),ひかりのこな (16.7%),たべのこし (16.3%),レッドカード (11.5%),ゴツゴツメット (8.6%),いのちのたま (4.3%),オボンのみ (3.8%),ラムのみ (1.4%),ヤチェのみ (1%),おうじゃのしるし (0.5%),でんきエンジン (70.8%),せいでんき (29.2%),,おくびょう (49.8%),おだやか (15.3%),ようき (14.4%),ずぶとい (9.1%),むじゃき (4.3%),ひかえめ (3.8%),しんちょう (3.3%),,,,H2 A0 B0 C32 D0 S32 (22%),H32 A0 B2 C0 D0 S32 (12%),H31 A0 B3 C0 D32 S0 (10.5%),H32 A0 B32 C0 D0 S2 (8.6%),H1 A1 B0 C32 D0 S32 (7.2%),H4 A0 B32 C0 D0 S30 (6.7%),H13 A0 B21 C0 D0 S32 (5.7%),H0 A0 B20 C0 D14 S32 (3.8%),H0 A0 B22 C0 D12 S32 (3.3%),H1 A0 B1 C32 D0 S32 (2.9%),
231,マッギョＧ,あくび (95.2%),トラバサミ (92%),ステルスロック (70.2%),じわれ (55.9%),ねむる (19.7%),てっていこうせん (17.6%),まもる (16.5%),カウンター (11.7%),じしん (5.9%),てっぺき (4.8%),たべのこし (64.4%),カゴのみ (14.4%),きあいのタスキ (5.9%),ふうせん (4.3%),しめつけバンド (4.3%),イトケのみ (3.2%),オボンのみ (2.1%),ゴツゴツメット (1.6%),,,ぎたい (100%),,,わんぱく (70.2%),のんき (14.4%),しんちょう (10.1%),ゆうかん (2.7%),れいせい (1.1%),ずぶとい (1.1%),なまいき (0.5%),,,,H32 A0 B31 C0 D3 S0 (44.1%),H31 A0 B32 C0 D3 S0 (14.9%),H31 A0 B3 C0 D32 S0 (13.8%),H32 A0 B0 C0 D32 S0 (8.5%),H32 A0 B32 C0 D2 S0 (6.9%),H0 A32 B32 C0 D0 S2 (4.3%),H18 A0 B21 C0 D27 S0 (2.7%),H32 A0 B27 C0 D7 S0 (1.6%),H32 A0 B2 C0 D32 S0 (1.1%),H9 A0 B32 C0 D25 S0 (0.5%),
232,バリヤード,マジカルフレイム (64.2%),マジカルシャイン (49.8%),サイコキネシス (39.3%),こごえるかぜ (31%),アンコール (29.3%),サイコショック (24%),ねこだまし (21%),ワイドフォース (18.3%),ひかりのかべ (14.4%),リフレクター (13.1%),きあいのタスキ (39.7%),リリバのみ (17.5%),たつじんのおび (14.8%),たべのこし (10%),ひかりのねんど (9.6%),こだわりスカーフ (3.1%),オボンのみ (2.2%),こうかくレンズ (1.7%),せんせいのツメ (0.4%),いのちのたま (0.4%),フィルター (47.2%),テクニシャン (35.4%),ぼうおん (17.5%),ひかえめ (63.3%),おくびょう (16.2%),しんちょう (7.4%),ずぶとい (6.1%),おだやか (3.5%),おっとり (2.2%),れいせい (0.9%),せっかち (0.4%),,,H16 A0 B0 C32 D0 S18 (17.5%),H25 A0 B6 C32 D2 S1 (17.5%),H2 A0 B0 C32 D0 S32 (16.2%),H32 A0 B32 C0 D2 S0 (10.9%),H0 A0 B0 C32 D2 S32 (7.9%),H22 A0 B1 C32 D1 S10 (7%),H2 A0 B0 C32 D32 S0 (6.1%),H32 A0 B2 C32 D0 S0 (3.1%),H0 A0 B2 C32 D0 S32 (2.6%),H32 A0 B2 C0 D32 S0 (2.2%),
233,ヒヤッキー,れいとうビーム (89%),ハイドロポンプ (77.5%),きあいだま (73.4%),クイックターン (51.4%),わるだくみ (25.4%),ねっとう (13.9%),ねこだまし (12.1%),くさむすび (9.8%),なみのり (8.7%),こごえるかぜ (6.9%),きあいのタスキ (78.6%),こだわりスカーフ (14.5%),いのちのたま (5.2%),シャンデラナイト (1.2%),,,,,,,げきりゅう (97.7%),くいしんぼう (2.3%),,ひかえめ (60.7%),おくびょう (18.5%),せっかち (14.5%),おっとり (5.8%),むじゃき (0.6%),,,,,,H2 A0 B0 C32 D0 S32 (52.6%),H0 A0 B1 C32 D1 S30 (37%),H0 A0 B0 C32 D0 S32 (5.2%),H32 A0 B2 C32 D0 S0 (1.7%),H0 A2 B0 C32 D0 S32 (1.2%),H1 A0 B1 C32 D0 S32 (1.2%),H32 A0 B2 C0 D0 S32 (1.2%),,,,
234,バリコオル,フリーズドライ (82.4%),こおりのつぶて (54.6%),れいとうビーム (37%),なまける (32.9%),ぜったいれいど (30.1%),サイコキネシス (24.1%),アンコール (22.2%),ミラーコート (21.3%),マジカルシャイン (13.4%),ワイドフォース (11.6%),いのちのたま (22.2%),こだわりスカーフ (14.4%),たべのこし (13.9%),きあいのタスキ (13%),ヒメリのみ (11.1%),オボンのみ (11.1%),ふうせん (6.5%),たつじんのおび (1.9%),ひかりのねんど (1.9%),レッドカード (1.4%),バリアフリー (92.6%),アイスボディ (6.5%),ちどりあし (0.9%),おだやか (36.1%),ひかえめ (35.2%),おくびょう (16.7%),ずぶとい (9.3%),のんき (1.9%),おっとり (0.9%),,,,,H31 A0 B4 C0 D30 S1 (19%),H32 A0 B6 C26 D2 S0 (18.5%),H2 A0 B0 C32 D0 S32 (12%),H2 A0 B0 C32 D32 S0 (7.9%),H32 A0 B8 C0 D26 S0 (6.5%),H32 A0 B28 C0 D6 S0 (4.2%),H32 A0 B32 C0 D2 S0 (4.2%),H0 A0 B32 C32 D0 S2 (3.7%),H32 A0 B0 C32 D0 S2 (3.7%),H32 A0 B0 C32 D2 S0 (3.7%),
235,ポワルン,ウェザーボール (93.1%),かみなり (87.9%),シャドーボール (79.8%),みらいよち (75.7%),にほんばれ (9.8%),ソーラービーム (9.8%),ねっとう (9.2%),あまごい (8.1%),ぼうふう (8.1%),かえんほうしゃ (5.2%),ガルーラナイト (75.1%),きあいのタスキ (8.1%),レッドカード (5.2%),こだわりスカーフ (4.6%),ゴツゴツメット (2.9%),ひかりのこな (0.6%),,,,,てんきや (100%),,,ひかえめ (90.2%),おくびょう (6.9%),おっとり (2.9%),,,,,,,,H0 A0 B32 C32 D0 S2 (75.1%),H2 A0 B0 C32 D0 S32 (11.6%),H0 A0 B2 C32 D0 S32 (8.1%),H0 A0 B0 C32 D32 S2 (2.9%),H32 A0 B0 C32 D0 S2 (1.7%),H8 A0 B13 C32 D13 S0 (0.6%),,,,,
236,リキキリン,サイコキネシス (57.9%),トリックルーム (49.2%),マジカルシャイン (39.9%),くさむすび (33.3%),シャドーボール (27.3%),ミラーコート (23%),イカサマ (20.2%),はかいこうせん (20.2%),みがわり (19.1%),ツインビーム (15.8%),オボンのみ (27.3%),たべのこし (25.1%),たつじんのおび (13.7%),いのちのたま (9.8%),ゴツゴツメット (9.3%),せんせいのツメ (6%),きあいのタスキ (3.8%),メトロノーム (3.3%),ナモのみ (0.5%),メンタルハーブ (0.5%),テイルアーマー (96.2%),はんすう (3.8%),,,,,,,,,,,,,,,,,,,,,,
237,ハリーセン,クイックターン (74.7%),どくびし (41.9%),みちづれ (36.9%),アクアジェット (32.8%),アクアブレイク (31.8%),まきびし (30.3%),どくばりセンボン (28.3%),いたみわけ (27.3%),でんじは (24.7%),どくどく (24.2%),ゴツゴツメット (44.4%),きあいのタスキ (19.2%),オボンのみ (14.6%),たべのこし (7.1%),いのちのたま (6.1%),ふうせん (6.1%),シュカのみ (2%),こだわりスカーフ (0.5%),,,いかく (99.5%),すいすい (0.5%),,,,,,,,,,,,,,,,,,,,,,
238,バクーダ,だいちのちから (96.7%),げんしのちから (81.5%),ラスターカノン (56.5%),かえんほうしゃ (51.6%),ふんか (22.8%),ふんえん (22.3%),あくび (19.6%),だいもんじ (14.1%),じわれ (10.3%),フレアドライブ (5.4%),バクーダナイト (97.3%),きあいのタスキ (2.7%),,,,,,,,,ハードロック (91.3%),いかりのつぼ (8.7%),,,,,,,,,,,,,,,,,,,,,,
239,ケンタロス,じごくづき (63.9%),のしかかり (63.3%),インファイト (60.8%),いわなだれ (38.6%),レイジングブル (38%),アイアンヘッド (31.9%),れいとうビーム (28.9%),10まんボルト (27.1%),かえんほうしゃ (18.1%),だいもんじ (10.8%),いのちのたま (94.6%),きあいのタスキ (2.4%),こだわりスカーフ (1.2%),ゴツゴツメット (1.2%),ヨプのみ (0.6%),,,,,,ちからずく (93.4%),いかく (6.6%),,,,,,,,,,,,,,,,,,,,,,
240,ダストダス,だいばくはつ (88.4%),ダストシュート (76.2%),のしかかり (43.9%),クロスポイズン (43.9%),どくびし (29.3%),いたみわけ (14.6%),どくどく (14.6%),なげつける (11.6%),くろいきり (11%),ふしょくガス (11%),きあいのタスキ (42.1%),でんきだま (11.6%),オボンのみ (10.4%),せんせいのツメ (5.5%),あついいわ (3.7%),ふうせん (3.7%),シュカのみ (2.4%),ゴツゴツメット (2.4%),たべのこし (0.6%),,ゆうばく (55.5%),くだけるよろい (44.5%),,,,,,,,,,,,,,,,,,,,,,
241,ルガルガンまよなか,ストーンエッジ (100%),ふいうち (92.1%),カウンター (76.8%),ステルスロック (41.1%),ほのおのパンチ (27.2%),きしかいせい (21.2%),がむしゃら (14.6%),じゃれつく (9.3%),ちょうはつ (4%),はやてがえし (4%),きあいのタスキ (88.1%),こだわりスカーフ (7.9%),ピントレンズ (4%),,,,,,,,ノーガード (100%),,,,,,,,,,,,,,,,,,,,,,,
242,バオッキー,フレアドライブ (43.7%),あくび (42.1%),いわなだれ (41.3%),ダストシュート (40.5%),くさむすび (39.7%),ねっさのだいち (33.3%),オーバーヒート (30.2%),かえんほうしゃ (27%),きあいだま (19%),おにび (15.1%),きあいのタスキ (31.7%),こだわりスカーフ (30.2%),オボンのみ (11.1%),どくバリ (10.3%),いのちのたま (7.9%),ラムのみ (4%),おうじゃのしるし (4%),,,,もうか (98.4%),くいしんぼう (1.6%),,,,,,,,,,,,,,,,,,,,,,